PDB_resnum,thermo_Hydrophobicity_KD,generic_Hydrophobicity_KD,diff_Hydrophobicity_KD,thermo_Volume,generic_Volume,diff_Volume,thermo_Charge,generic_Charge,diff_Charge,thermo_Polarity,generic_Polarity,diff_Polarity,thermo_Flexibility,generic_Flexibility,diff_Flexibility
6.0,1.413698630136986,0.5626524390243901,0.8510461911125959,178.11211801896732,153.52759146341464,24.584526555552685,-0.05584826132771338,-0.1173780487804878,0.06152978745277442,3.472824025289778,8.46391768292683,-4.991093657637052,0.35512118018967337,0.39434451219512195,-0.039223332005448586
8.0,-2.1434599156118144,-1.6769817073170725,-0.46647820829474185,109.72436708860756,126.64527439024384,-16.920907301636277,-0.5548523206751054,-0.25457317073170727,-0.3002791499433981,28.129651898734178,27.037179878048775,1.0924720206854026,0.4799683544303796,0.4786432926829269,0.001325061747452727
10.0,3.1338607594936705,3.0447328244274807,0.08912793506618977,158.02626582278475,158.04244274809156,-0.016176925306808698,0.0,0.0,0.0,0.3044936708860759,0.3592824427480915,-0.05478877186201564,0.37383966244725736,0.3802137404580151,-0.006374078010757733
13.0,-1.3875527426160337,-0.9051395007342146,-0.4824132418818191,118.84419831223629,117.40558002936858,1.4386182828677079,0.055907172995780595,0.0,0.055907172995780595,4.1780063291139244,1.4062848751835537,2.771721453930371,0.5049683544303797,0.48976505139500737,0.015203303035372318
16.0,2.8135932560590087,3.3053728070175437,-0.491779550958535,149.75416227608005,156.41699561403507,-6.662833337955021,0.05584826132771338,0.01425438596491228,0.0415938753628011,3.0906533192834558,0.9484868421052632,2.1421664771781925,0.3873234984193888,0.38416666666666666,0.0031568317527221335
26.0,-0.9001996007984032,-1.219354838709677,0.31915523791127387,125.91427145708583,125.25653650254667,0.6577349545391655,0.1057884231536926,-3.534241377202323e-17,0.10578842315369265,11.879101796407186,20.320373514431235,-8.44127171802405,0.43689620758483033,0.4482682512733446,-0.011372043688514244
27.0,-1.924675324675325,-1.5807692307692305,-0.3439060939060945,163.1778221778222,156.20280665280666,6.97501552501555,-0.05294705294705296,0.027027027027027025,-0.07997407997407999,14.52792207792208,18.606257796257797,-4.078335718335717,0.4526373626373627,0.44393970893970897,0.00869765369765374
28.0,0.36430000000000007,0.7657676348547716,-0.40146763485477155,177.98299999999998,179.72136929460584,-1.7383692946058602,0.0,0.013485477178423237,-0.013485477178423237,1.17067,1.753734439834025,-0.583064439834025,0.41051,0.394304979253112,0.01620502074688801
30.0,4.0518,3.916216216216216,0.1355837837837841,155.2579,158.76975051975052,-3.51185051975051,0.0,0.0,0.0,0.19890000000000002,0.16337837837837837,0.035521621621621646,0.39838,0.38502079002079,0.01335920997921003
31.0,0.4626626626626627,-0.4451244813278007,0.9077871439904635,108.52392392392392,135.4040456431535,-26.880121719229578,0.0,0.10684647302904562,-0.10684647302904562,1.0632232232232233,14.414024896265559,-13.350801673042335,0.421041041041041,0.44542531120331946,-0.024384270162278454
32.0,2.5988988988988986,2.0848232848232846,0.514075614075614,149.54074074074072,131.6031185031185,17.937622237622207,0.0,0.0,0.0,0.793923923923924,0.6864656964656964,0.10745822745822753,0.3431231231231231,0.38079002079002083,-0.037666897666897736
35.0,1.887624750499002,0.7501054852320675,1.1375192652669344,125.9882235528942,122.56698312236286,3.4212404305313413,0.0,0.02637130801687764,-0.02637130801687764,0.998313373253493,4.763164556962025,-3.7648511837085317,0.3879940119760478,0.4331645569620253,-0.0451705449859775
39.0,3.7097999999999995,3.312328767123287,0.3974712328767125,166.1311,173.36438356164382,-7.233283561643816,0.0,0.0,0.0,0.22199999999999998,0.37462592202318235,-0.15262592202318237,0.3715399999999999,0.3709062170706007,0.0006337829293992514
40.0,-1.7595404595404593,0.16829268292682922,-1.9278331424672885,136.8244755244755,146.27804878048775,-9.453573256012248,0.6833166833166833,0.35213414634146334,0.33118253697521993,35.35391608391608,22.419100609756097,12.934815474159986,0.34696303696303693,0.36763719512195114,-0.020674158158914213
43.0,3.3907594936708856,0.34468980021030493,3.0460696934605807,159.29341772151898,106.41051524710828,52.8829024744107,0.0,0.02628811777076761,-0.02628811777076761,0.20849367088607593,7.039137749737118,-6.830644078851042,0.37670886075949356,0.4760778128286014,-0.09936895206910784
46.0,-0.5064,0.16573208722741437,-0.6721320872274144,114.7919,121.68193146417444,-6.890031464174442,0.053,0.07995846313603322,-0.02695846313603322,4.06574,5.15539979231568,-1.0896597923156799,0.43213,0.4299792315680166,0.0021507684319834186
48.0,3.1771228771228768,1.8735691987513006,1.3035536783715762,157.87222777222775,126.03048907388136,31.84173869834639,0.0,0.0,0.0,0.40932067932067934,1.9066909469302806,-1.4973702676096012,0.3631868131868132,0.3945993756503642,-0.03141256246355101
49.0,0.07739999999999991,-0.5625779625779627,0.6399779625779626,211.28350000000003,199.16268191268193,12.1208180873181,0.053,0.013513513513513513,0.039486486486486484,4.24969,2.5006444906444907,1.7490455093555095,0.33591,0.34752598752598757,-0.011615987525987581
50.0,-0.6273726273726273,-0.11234177215189872,-0.5150308552207286,74.76333666333666,79.83839662447258,-5.075059961135921,0.0,0.0,0.0,0.5288711288711287,0.4072362869198312,0.12163484195129753,0.5146853146853146,0.49543248945147683,0.01925282523383781
51.0,-0.578,0.5415800415800416,-1.1195800415800417,190.3707,181.0002079002079,9.370492099792102,0.0,-0.013513513513513513,0.013513513513513513,1.3992600000000002,1.7475987525987529,-0.3483387525987527,0.40685999999999994,0.4086278586278586,-0.001767858627858665
53.0,-0.28340000000000004,-0.9398314014752369,0.6564314014752368,61.610499999999995,76.18345626975764,-14.572956269757647,0.0,0.026343519494204427,-0.026343519494204427,0.0,3.226417281348788,-3.226417281348788,0.53046,0.5265858798735512,0.0038741201264488323
55.0,2.1858999999999993,2.5571127502634354,-0.37121275026343614,169.88439999999997,163.5510010537408,6.333398946259166,0.0,-0.013698630136986302,0.013698630136986302,0.60751,1.2079135932560592,-0.6004035932560592,0.36905,0.37244467860906216,-0.003394678609062174
56.0,-1.006993006993007,-0.2984160506863781,-0.708576956306629,117.00459540459539,121.89176346356918,-4.887168058973785,0.0,0.0,0.0,1.4264535464535466,1.184340021119324,0.2421135253342226,0.49623376623376625,0.47992608236536427,0.01630768386840198
57.0,-0.28340000000000004,-0.3093916755602989,0.025991675560298855,61.610499999999995,64.634151547492,-3.023651547492001,0.0,-0.02774813233724653,0.02774813233724653,0.0,1.4021131270010672,-1.4021131270010672,0.53046,0.5229882604055497,0.007471739594450355
58.0,-1.6,-1.5264797507788161,-0.07352024922118394,112.7,114.59138110072689,-1.891381100726889,0.0,0.013499480789200415,-0.013499480789200415,1.58,2.271308411214953,-0.691308411214953,0.51,0.5008411214953271,0.009158878504672896
59.0,-0.03286713286713283,0.2718295218295218,-0.30469665469665463,118.5885114885115,124.27629937629938,-5.687787887787877,0.0,-0.05301455301455301,0.05301455301455301,1.4100899100899102,3.792785862785862,-2.382695952695952,0.43417582417582423,0.4341268191268191,4.9005049005124146e-05
60.0,4.1423000000000005,4.0240124740124745,0.11828752598752601,166.3325,166.37255717255718,-0.04005717255716945,0.0,0.0,0.0,0.1531,0.1505821205821206,0.002517879417879426,0.41791,0.40227650727650727,0.015633492723492737
62.0,3.1293,2.642754367934224,0.48654563206577617,131.2145,148.4229188078109,-17.208418807810915,0.0,0.0,0.0,0.19333,0.49912641315519013,-0.3057964131551901,0.37418,0.36726618705035974,0.0069138129496402745
66.0,-3.3782217782217785,-3.661459403905447,0.2832376256836686,133.92667332667332,139.75930113052416,-5.832627803850841,-0.6833166833166832,-0.3823227132579651,-0.3009939700587181,39.974475524475515,44.59049331963002,-4.616017795154505,0.4989410589410589,0.4990441932168551,-0.00010313427579622392
68.0,4.104695304695305,3.570020533880904,0.5346747708144011,144.05574425574423,145.92381930184803,-1.8680750461037974,0.0,0.0,0.0,0.14164835164835163,0.26159137577002056,-0.11994302412166893,0.3847052947052947,0.3943634496919919,-0.009658154986697198
70.0,4.1627,4.137679671457906,0.02502032854209446,152.4703,151.29794661190962,1.1723533880903858,0.0,0.0,0.0,0.14166,0.12786447638603698,0.013795523613963023,0.40207,0.4090657084188912,-0.006995708418891244
72.0,0.8037000000000001,2.2112820512820512,-1.4075820512820512,204.9477,173.25856410256412,31.689135897435875,0.0,0.02666666666666667,-0.02666666666666667,1.3981400000000002,2.1819589743589742,-0.7838189743589741,0.33265,0.37314871794871796,-0.040498717948717955
74.0,-3.3516,-3.5,0.1484000000000001,114.20599999999999,114.1,0.10599999999999454,0.0,0.0,0.0,3.2888399999999995,3.38,-0.09116000000000035,0.45894,0.46,-0.0010600000000000054
76.0,3.8099,3.7200819672131145,0.08981803278688538,166.49859999999998,164.16260245901634,2.335997540983641,0.0,0.0,0.0,0.19890000000000002,0.1611680327868852,0.03773196721311481,0.38051,0.3705327868852459,0.009977213114754135
100.0,3.149525101763908,-0.14159836065573736,3.2911234624196455,134.87625508819536,137.75092213114755,-2.874667042952183,0.0,-0.3934426229508196,0.3934426229508196,0.4580054274084125,24.005215163934427,-23.547209736526014,0.400719131614654,0.4425,-0.041780868385346004
101.0,-3.8573948439620085,-2.1312114989733053,-1.7261833449887032,160.50759837177748,128.49414784394247,32.013450527835005,0.57123473541384,0.10472279260780287,0.4665119428060371,49.75115332428766,23.346735112936344,26.404418211351313,0.4814654002713704,0.48529774127310055,-0.003832341001730133
102.0,-0.7104999999999999,-0.18092307692307694,-0.529576923076923,113.2545,116.45528205128204,-3.2007820512820473,0.0,0.0,0.0,1.66105,1.476892307692308,0.18415769230769197,0.44734999999999997,0.44157948717948725,0.005770512820512719
103.0,2.4848000000000003,0.5697435897435899,1.9150564102564105,129.3438,116.27405128205127,13.069748717948713,0.0,-0.01333333333333333,0.01333333333333333,0.70663,1.9294153846153843,-1.2227853846153844,0.40737,0.44130256410256413,-0.03393256410256412
104.0,3.3411,3.6580512820512823,-0.3169512820512823,144.47549999999998,154.59435897435898,-10.118858974359,0.0,0.0,0.0,0.3834,0.3054051282051282,0.0779948717948718,0.39891,0.4103179487179488,-0.011407948717948813
105.0,-3.2,-3.178666666666667,-0.021333333333333204,153.2,152.65999999999997,0.5400000000000205,1.0,0.9866666666666667,0.013333333333333308,51.6,50.93306666666667,0.6669333333333327,0.32,0.3225333333333334,-0.0025333333333333874
106.0,2.2739260739260736,0.8478974358974359,1.4260286380286376,181.3024975024975,199.76133333333328,-18.458835830835795,0.0,0.0,0.0,0.7402497502497501,1.3571692307692307,-0.6169194805194805,0.3547652347652347,0.3387589743589743,0.01600626040626041
107.0,-3.2,-3.166666666666667,-0.033333333333333215,153.2,152.7053333333333,0.49466666666668857,1.0,0.9866666666666667,0.013333333333333308,51.6,50.934133333333335,0.6658666666666662,0.32,0.3216,-0.0015999999999999903
109.0,1.3172,2.3672064777327932,-1.0500064777327933,102.2265,133.17692307692306,-30.95042307692306,0.0,0.0,0.0,0.11687,0.35006072874493926,-0.23319072874493926,0.45943,0.4385829959514169,0.020847004048583084
110.0,0.8725274725274725,-1.0468559837728193,1.9193834563002918,145.37562437562437,145.86764705882345,-0.4920226831990817,0.0,0.012170385395537506,-0.012170385395537506,11.393856143856143,23.62504056795131,-12.231184424095167,0.42777222777222773,0.45043610547667334,-0.022663877704445612
111.0,1.0715000000000001,2.476595744680851,-1.4050957446808507,131.91729999999998,140.70840932117525,-8.79110932117527,0.0,0.0,0.0,1.09696,0.6408814589665652,0.4560785410334347,0.42578999999999995,0.4104964539007092,0.015293546099290733
115.0,-0.4393000000000001,0.5508717948717948,-0.990171794871795,114.21580000000002,130.5910769230769,-16.375276923076896,0.053,-0.03897435897435897,0.09197435897435896,4.27555,4.59808205128205,-0.3225320512820504,0.4542,0.4128923076923076,0.04130769230769238
116.0,-3.5,-3.458666666666667,-0.04133333333333322,111.25899999999999,110.46,0.7989999999999924,-0.947,-0.9733333333333333,0.02633333333333332,47.245039999999996,48.41973333333333,-1.1746933333333374,0.50735,0.5097333333333334,-0.002383333333333404
117.0,-0.5853146853146853,-0.4806,-0.10471468531468531,64.33046953046953,61.425999999999995,2.904469530469534,-0.05294705294705294,-0.026,-0.02694705294705294,2.7198901098901094,1.2922,1.4276901098901094,0.5368231768231768,0.53922,-0.002396823176823215
118.0,-0.534704641350211,1.018685831622177,-1.553390472972388,173.5945147679325,140.5223819301848,33.072132837747716,-0.05590717299578059,0.013347022587268994,-0.06925419558304959,4.123512658227848,2.7268583162217657,1.3966543420060824,0.4184704641350211,0.43338809034907605,-0.014917626214054958
119.0,-1.2380619380619382,-1.2725725725725725,0.0345106345106343,106.20629370629372,109.43893893893895,-3.2326452326452255,0.0,0.0,0.0,1.4306793206793211,1.524724724724725,-0.09404540404540396,0.4932067932067932,0.497947947947948,-0.004741154741154774
120.0,-2.2694305694305696,-1.6436123348017622,-0.6258182346288075,124.82927072927073,103.48883994126284,21.340430788007893,-0.6833166833166833,-0.45227606461086634,-0.23104061870581694,34.27825174825174,22.643891336270187,11.634360411981554,0.4914785214785215,0.5066226138032305,-0.01514409232470898
123.0,0.760253164556962,2.632233883058471,-1.8719807185015092,175.85835443037973,166.4451274362819,9.41322699409784,-0.0670886075949367,0.0,-0.0670886075949367,4.352253164556962,0.5774062968515743,3.7748468677053877,0.370012658227848,0.3681859070464768,0.0018267511813712112
124.0,-0.3808544303797468,-0.7267964071856288,0.34594197680588196,104.5636075949367,105.88592814371256,-1.3223205487758634,0.0,0.0,0.0,1.5375158227848098,1.6327095808383232,-0.09519375805351338,0.47488924050632914,0.4657634730538922,0.009125767452436928
127.0,2.9281519861830736,0.7965999999999999,2.131551986183074,185.3322970639033,134.23149999999998,51.100797063903315,0.0,0.026,-0.026,0.32986183074265973,2.04155,-1.7116881692573402,0.3173229706390328,0.43115999999999993,-0.11383702936096712
131.0,-0.4,-0.5376623376623377,0.1376623376623377,60.1,63.95844155844157,-3.8584415584415694,0.0,-0.025974025974025976,0.025974025974025976,0.0,1.4023376623376624,-1.4023376623376624,0.54,0.534805194805195,0.0051948051948050855
139.0,-1.0726000000000002,-0.5739000000000002,-0.49870000000000003,177.1368,180.725,-3.5882000000000005,0.0,0.013,-0.013,1.63962,2.0487499999999996,-0.40912999999999955,0.43157000000000006,0.42341,0.008160000000000056
141.0,0.4062937062937063,1.3895,-0.9832062937062936,188.57412587412588,190.14259999999996,-1.5684741258740758,0.0,0.0,0.0,1.110799200799201,0.7974899999999999,0.313309200799201,0.39368631368631374,0.35137999999999997,0.04230631368631377
142.0,-2.0259740259740258,-1.5906906906906908,-0.43528333528333496,119.14125874125874,127.6186186186186,-8.47735987735986,-0.0009990009990009999,0.026026026026026022,-0.027025027025027022,11.986673326673326,14.0295995995996,-2.042926272926273,0.5009790209790209,0.47973973973973977,0.02123928123928115
143.0,-0.9364635364635364,0.7357000000000001,-1.6721635364635365,126.35294705294704,129.787,-3.4340529470529617,0.0,0.0,0.0,2.2438961038961036,1.3719299999999999,0.8719661038961037,0.4294505494505494,0.42475,0.004700549450549374
145.0,-3.5104999999999995,-3.1002079002078995,-0.4102920997921,145.37169999999998,141.40810810810808,3.9635918918918946,0.10399999999999997,-0.03950103950103949,0.14350103950103946,18.308819999999994,15.26074844074844,3.0480715592515537,0.47163999999999995,0.46984407484407487,0.0017959251559250822
147.0,0.21858141858141855,0.07642357642357651,0.14215784215784205,87.05754245754244,95.83766233766235,-8.780119880119912,0.05294705294705294,0.05094905094905096,0.001998001998001979,3.1153246753246746,5.796523476523478,-2.6811988011988035,0.4484415584415584,0.4226073926073926,0.025834165834165812
148.0,1.1512512512512514,0.41390000000000005,0.7373512512512513,92.94034034034033,79.46099999999998,13.479340340340343,0.0,0.0,0.0,0.43176176176176173,0.27396000000000004,0.1578017617617617,0.4221421421421422,0.46108000000000005,-0.03893785785785786
149.0,0.8745999999999999,-0.09330669330669328,0.9679066933066932,132.1106,117.72347652347652,14.387123476523485,0.0,0.0,0.0,1.19857,1.4195404595404597,-0.2209704595404598,0.4384,0.43375624375624383,0.004643756243756181
150.0,2.5137862137862133,1.2956043956043954,1.2181818181818178,172.22817182817184,168.10999000999,4.118181818181824,0.0,0.07692307692307693,-0.07692307692307693,0.6143956043956044,4.761398601398602,-4.147002997002997,0.36005994005994,0.37349650349650354,-0.01343656343656352
151.0,-0.7411588411588411,-0.7195000000000001,-0.02165884115884098,218.44955044955043,222.63240000000002,-4.182849550449589,0.0,0.013,-0.013,2.0412287712287713,2.66331,-0.6220812287712287,0.3163536463536463,0.31196,0.004393646353646308
152.0,-1.0827,-0.5622999999999999,-0.5204000000000001,193.40389999999996,189.4116,3.9922999999999718,0.0,0.0,0.0,1.54322,1.40973,0.1334900000000001,0.41417,0.40363999999999994,0.01053000000000004
153.0,-3.2,-3.2,0.0,153.2,153.2,0.0,1.0,1.0,0.0,51.6,51.6,0.0,0.32,0.32,0.0
154.0,-2.6353999999999997,-1.7119880119880118,-0.923411988011988,107.83979999999998,103.13426573426572,4.705534265734258,-0.6839999999999999,-0.32067932067932065,-0.3633206793206793,34.41979,16.94100899100899,17.47878100899101,0.5020499999999999,0.49859140859140855,0.0034585914085913383
155.0,-3.2,-3.2,0.0,153.2,153.2,0.0,1.0,1.0,0.0,51.6,51.6,0.0,0.32,0.32,0.0
156.0,1.0673652694610776,0.007397959183673522,1.059967310277404,101.21487025948102,121.25676020408162,-20.041889944600598,0.0,0.11479591836734693,-0.11479591836734693,0.6420558882235525,6.862959183673469,-6.220903295449917,0.39423153692614765,0.4209948979591836,-0.02676336103303595
157.0,0.5708291708291708,-0.29079283887468016,0.8616220097038509,159.38341658341656,146.8306905370844,12.552726046332168,0.15784215784215783,0.19693094629156013,-0.039088788449402306,14.513396603396604,20.953861892583124,-6.44046528918652,0.3301598401598401,0.356150895140665,-0.02599105498082488
158.0,0.2816455696202533,-0.5638983050847458,0.845543874704999,87.88755274261602,81.10576271186439,6.781790030751637,-0.05590717299578059,-0.08644067796610169,0.030533504970321104,3.2575,6.77950847457627,-3.52200847457627,0.4273523206751054,0.49545762711864405,-0.06810530644353863
159.0,2.4972602739726018,1.7438240270727576,0.7534362468998441,164.54984193888302,149.5052453468697,15.044596592013306,0.11169652265542675,0.06598984771573603,0.04570667493969072,6.052708113804003,6.1650930626057505,-0.11238494880174787,0.4111380400421496,0.41869712351945854,-0.007559083477308937
160.0,-0.3641350210970463,-0.6721278721278723,0.30799285103082596,119.80379746835443,111.13926073926073,8.664536729093697,-0.055907172995780595,-0.01198801198801199,-0.0439191610077686,4.183027426160338,4.666703296703297,-0.48367587054295846,0.4417299578059072,0.45706293706293716,-0.015332979257029977
161.0,-3.456294536817102,-0.8906093906093903,-2.565685146207712,155.6934679334917,110.91688311688311,44.776584816608576,0.8123515439429928,0.2687312687312687,0.5436202752117241,42.24228028503563,15.47351648351648,26.768763801519153,0.5094299287410926,0.47543456543456547,0.03399536330652714
162.0,2.3796874999999993,0.6764471057884232,1.7032403942115761,172.4345982142857,153.58413173652693,18.850466477758772,0.059151785714285705,-0.011976047904191624,0.07112783361847733,3.5278459821428565,12.925399201596804,-9.397553219453947,0.37716517857142856,0.4115069860279441,-0.03434180745651555
163.0,-3.5,-3.387012987012987,-0.11298701298701319,123.48519999999999,134.80849150849156,-11.323291508491565,0.0,0.0,0.0,3.4274000000000004,4.628241758241758,-1.2008417582417579,0.46948,0.47957042957042967,-0.01009042957042966
164.0,3.522277722277722,2.3607,1.161577722277722,139.81998001998,142.9549,-3.1349199800200154,-0.05294705294705294,-0.205,0.15205294705294706,2.8271228771228767,10.42281,-7.595687122877123,0.3884115884115884,0.40825999999999996,-0.019848411588411552
165.0,-0.6154690618762475,-0.6002,-0.015269061876247547,164.9197604790419,149.30669999999998,15.613060479041934,0.0528942115768463,-0.011999999999999999,0.0648942115768463,4.028872255489022,5.76446,-1.735587744510978,0.40154690618762473,0.41211,-0.010563093812375246
166.0,1.1081,-0.763,1.8711000000000002,103.55019999999998,134.2549,-30.704700000000017,0.052999999999999985,0.32,-0.267,3.036459999999999,17.154660000000003,-14.118200000000005,0.3758799999999999,0.41175,-0.035870000000000124
167.0,-0.4,-0.2610389610389611,-0.1389610389610389,60.1,64.20389610389611,-4.103896103896112,0.0,0.0,0.0,0.0,0.02194805194805195,-0.02194805194805195,0.54,0.5324675324675325,0.007532467532467502
168.0,3.6005,3.4686000000000003,0.13189999999999946,166.301,164.95579999999998,1.3452000000000055,0.0,0.0,0.0,0.26649999999999996,0.3796,-0.11310000000000003,0.36265000000000003,0.35966,0.002990000000000048
169.0,2.1507492507492505,1.2446553446553448,0.9060939060939057,141.88601398601395,125.34795204795203,16.538061938061915,0.0,0.0,0.0,0.46976023976023973,1.8531668331668332,-1.3834065934065936,0.38733266733266725,0.3811188811188811,0.006213786213786154
170.0,-0.4,-0.1515484515484516,-0.24845154845154843,60.1,64.77412587412587,-4.67412587412587,0.0,0.0,0.0,0.0,0.023246753246753248,-0.023246753246753248,0.54,0.5203096903096904,0.019690309690309604
171.0,1.9424575424575423,1.5681318681318681,0.3743256743256742,129.14665334665332,132.9693306693307,-3.8226773226773787,0.0,0.0,0.0,0.416143856143856,0.6720579420579422,-0.2559140859140862,0.3673726273726273,0.38992007992007993,-0.022547452547452607
172.0,0.3203796203796202,2.0690999999999997,-1.7487203796203796,184.89590409590406,172.7926,12.103304095904065,0.0,0.026,-0.026,1.152957042957043,1.9748399999999997,-0.8218829570429567,0.40681318681318684,0.38893999999999995,0.017873186813186892
173.0,3.8091,4.100999999999999,-0.29189999999999916,160.79930000000002,160.7496,0.04970000000002983,0.0,0.0,0.0,0.23471999999999998,0.18373,0.05098999999999998,0.41217000000000004,0.42231999999999986,-0.010149999999999826
174.0,4.4367,4.351400000000001,0.08529999999999927,161.06629999999998,157.4618,3.604499999999973,0.0,0.0,0.0,0.13,0.13000000000000003,-2.7755575615628914e-17,0.44523,0.43002,0.015210000000000001
176.0,-2.845354645354645,-2.6439560439560443,-0.20139860139860088,111.97122877122875,111.4907092907093,0.4805194805194475,-0.7362637362637362,-0.6023976023976024,-0.13386613386613377,36.96592407592407,31.77617382617383,5.18975024975024,0.5063036963036962,0.5028571428571429,0.003446553446553313
182.0,2.3864135864135863,1.8823803967327886,0.5040331896807977,150.9015984015984,152.50991831971993,-1.6083199181215377,0.0,0.05834305717619603,-0.05834305717619603,0.4404095904095904,6.526126021003501,-6.08571643059391,0.4053346653346653,0.3967444574095683,0.00859020792509696
184.0,2.7931,3.5362318840579703,-0.7431318840579704,161.04589999999993,166.81775362318834,-5.771853623188406,0.0,0.0,0.0,0.47410999999999986,0.25811594202898547,0.2159940579710144,0.3878799999999999,0.37400362318840574,0.013876376811594149
185.0,-1.5523476523476523,-1.6164855072463769,0.06413785489872459,122.85524475524477,111.42355072463768,11.43169403060709,0.05294705294705295,-0.023550724637681156,0.07649777758473411,4.243236763236763,2.676050724637681,1.5671860385990821,0.49517482517482525,0.5107065217391303,-0.015531696564305086
189.0,-2.0161676646706588,-2.4868287740628157,0.4706611093921569,177.09071856287423,154.5010131712259,22.589705391648323,0.15768463073852296,0.09118541033434648,0.06649922040417648,19.884910179640713,29.007021276595736,-9.122111096955024,0.44527944111776446,0.46294832826747717,-0.01766888714971271
190.0,-3.4841,-3.426241134751773,-0.057858865248227254,120.5112,120.80192502532928,-0.29072502532928013,-0.894,-0.9736575481256332,0.07965754812563319,49.853300000000004,48.50462006079027,1.348679939209731,0.4973,0.5046504559270516,-0.00735045592705158
191.0,3.416416416416417,2.187866531850353,1.2285498845660636,156.67647647647647,163.1200202224469,-6.44354374597043,0.1051051051051051,0.11627906976744184,-0.01117396466233675,5.551431431431432,7.74273003033367,-2.1912985989022378,0.4020820820820821,0.4143174924165824,-0.012235410334500263
192.0,-0.5662447257383968,0.30729270729270736,-0.8735374330311041,118.93280590717299,122.18221778221778,-3.2494118750447853,0.0,0.012987012987012984,-0.012987012987012984,1.3428059071729956,1.7875824175824178,-0.4447765104094221,0.48999999999999994,0.4551948051948051,0.03480519480519484
193.0,3.7897,3.853246753246753,-0.06354675324675307,167.72089999999997,160.91248751248747,6.8084124875124985,0.0,0.0,0.0,0.1531,0.18766233766233764,-0.03456233766233763,0.37421,0.38521478521478514,-0.011004785214785151
194.0,3.4785214785214777,3.2742257742257737,0.2042957042957041,163.09830169830167,158.4488511488511,4.649450549450563,0.0,0.0,0.0,0.404025974025974,0.5126373626373626,-0.10861138861138858,0.36210789210789207,0.38662337662337665,-0.024515484515484576
195.0,4.198901098901098,3.9102,0.2887010989010981,165.08511488511488,165.41650000000004,-0.3313851148851654,0.0,0.0,0.0,0.19883116883116883,0.181,0.017831168831168837,0.42885114885114883,0.39832000000000006,0.03053114885114877
196.0,-1.2342657342657342,-1.7815,0.5472342657342659,128.85444555444553,130.2545,-1.4000544455544741,0.0,0.10299999999999998,-0.10299999999999998,7.109050949050948,13.462199999999998,-6.35314905094905,0.43270729270729263,0.44656999999999997,-0.013862707292707332
197.0,-3.219380619380619,-3.3583000000000003,0.13891938061938136,111.64005994005993,113.6489,-2.00884005994007,-0.894105894105894,-0.897,0.0028941058941059916,44.62396603396603,44.857079999999996,-0.23311396603396872,0.500999000999001,0.50317,-0.002170999000999041
198.0,-2.709290709290709,-2.068236472945892,-0.6410542363448171,176.84495504495501,190.54028056112222,-13.695325516167202,0.7362637362637362,0.5130260521042084,0.22323768415952783,38.01131868131868,27.000040080160325,11.011278601158352,0.4667432567432568,0.42322645290581157,0.04351680383744522
199.0,-1.4090909090909092,-1.5637,0.15460909090909092,116.8925074925075,126.35699999999999,-9.46449250749248,0.0,0.21799999999999997,-0.21799999999999997,11.963426573426574,13.819949999999997,-1.856523426573423,0.45428571428571435,0.46357000000000004,-0.00928428571428569
200.0,3.085114885114885,3.0074168797953966,0.07769800531948823,172.5042957042957,175.11406649616367,-2.609770791867959,-0.05294705294705295,0.0,-0.05294705294705295,2.902397602397602,0.3592199488491049,2.543177653548497,0.39420579420579427,0.345306905370844,0.04889888883495025
204.0,-0.4,-0.7399383983572894,0.33993839835728934,60.1,85.75492813141683,-25.65492813141683,0.0,-0.0513347022587269,0.0513347022587269,0.0,6.9636344969199175,-6.9636344969199175,0.54,0.5003901437371663,0.039609856262833754
206.0,3.592185850052798,3.042886812045689,0.549299038007109,168.2054910242872,165.69055036344756,2.514940660839642,0.0,0.013499480789200413,-0.013499480789200413,0.2128299894403379,1.1380269989615783,-0.9251970095212404,0.38277719112988384,0.3878920041536864,-0.005114813023802567
208.0,-1.8291139240506327,-1.1132478632478633,-0.7158660608027694,178.86075949367088,154.0898504273504,24.770909066320485,0.11075949367088607,-0.04059829059829059,0.15135778426917668,12.650928270042193,8.610160256410257,4.040768013631936,0.42513713080168775,0.44097222222222215,-0.01583509142053441
209.0,-2.218526785714286,-2.122921108742004,-0.09560567697228173,124.87611607142858,128.3308102345416,-3.454694163113004,0.23549107142857145,0.027718550106609806,0.20777252132196164,13.034497767857145,16.299253731343285,-3.26475596348614,0.5047209821428572,0.48656716417910456,0.01815381796375265
219.0,2.9737974683544297,2.128186968838526,0.8456104995159035,154.78873417721516,154.22492917847023,0.5638049987449278,0.0,-0.018413597733711047,0.018413597733711047,0.43599999999999994,1.3624504249291784,-0.9264504249291785,0.39137974683544297,0.386784702549575,0.0045950442858679885
220.0,-1.4403041825095058,-0.4384718498659518,-1.0018323326435539,105.70000000000002,128.71997319034853,-23.01997319034851,0.0,-0.18900804289544232,0.18900804289544232,1.3697338403041825,12.035321715817691,-10.66558787551351,0.5139923954372624,0.4601340482573726,0.0538583471798898
223.0,-0.574888392857143,-0.12177033492822964,-0.45311805792891335,102.53024553571429,111.4118421052631,-8.881596569548819,-0.05915178571428571,-0.06100478468899521,0.0018529989747094952,4.434698660714286,10.150191387559806,-5.71549272684552,0.4906138392857143,0.45211722488038264,0.03849661440533164
224.0,2.915084388185654,1.5949579831932763,1.3201264049923778,145.42394514767932,126.43805522208883,18.985889925590484,0.0,0.09123649459783913,-0.09123649459783913,0.39407172995780587,4.9114405762304925,-4.517368846272687,0.4265084388185653,0.41063625450180075,0.01587218431676457
225.0,2.9794520547945207,0.35792291220556754,2.6215291425889533,136.37376185458376,134.10717344753746,2.2665884070462994,0.05584826132771338,0.10920770877944327,-0.053359447451729894,3.2442360379346673,13.192451820128483,-9.948215782193815,0.38556375131717596,0.4039614561027838,-0.018397704785607816
228.0,1.1095789473684206,0.9950854700854701,0.11449347728295045,177.17999999999998,170.2587606837607,6.92123931623928,0.05578947368421052,0.06837606837606838,-0.012586594691857862,8.862915789473686,5.877553418803418,2.985362370670267,0.36467368421052626,0.3684294871794872,-0.003755802968960942
230.0,-0.4,-0.2855509355509356,-0.11444906444906444,60.1,91.0031185031185,-30.9031185031185,0.0,0.013513513513513513,-0.013513513513513513,0.0,1.1434303534303534,-1.1434303534303534,0.54,0.4969230769230769,0.043076923076923124
232.0,-0.49134107708553326,0.42080000000000006,-0.9121410770855334,130.5053854276663,130.5128,-0.00741457233368692,0.0559662090813094,0.064,-0.008033790918690602,4.303262935586061,4.24572,0.05754293558606083,0.44281942977824706,0.41489,0.027929429778247084
233.0,2.6457323498419383,1.3778000000000001,1.2679323498419381,157.2256059009483,162.3433,-5.117694099051704,0.0,0.064,-0.064,0.6662065331928344,4.141159999999999,-3.4749534668071647,0.4326554267650158,0.41733,0.015325426765015804
234.0,3.0526473526473517,2.6000999000999,0.45254745254745155,157.09300699300695,153.38351648351647,3.709490509490479,0.0,0.02597402597402597,-0.02597402597402597,0.38367632367632365,1.842167832167832,-1.4584915084915084,0.38263736263736264,0.3895104895104894,-0.006873126873126745
235.0,3.4216783216783213,3.190909090909091,0.2307692307692304,141.87432567432566,141.69230769230765,0.18201798201801012,0.0,0.0,0.0,0.3772627372627372,0.4262637362637362,-0.049000999000999024,0.382057942057942,0.391078921078921,-0.00902097902097898
236.0,-3.553,-3.474974670719351,-0.07802532928064876,117.24289999999999,114.08156028368795,3.1613397163120425,0.053,0.0,0.053,5.956859999999999,3.3562917933130696,2.6005682066869293,0.46371,0.46065856129685917,0.0030514387031408408
237.0,-0.3046953046953047,-0.5940222897669705,0.28932698507166577,63.13916083916083,69.02289766970618,-5.883736830545352,0.0,-0.025329280648429583,0.025329280648429583,0.0884215784215784,2.6850658561296856,-2.596644277708107,0.5288811188811189,0.530709219858156,-0.001828100977037117
239.0,3.720279720279721,1.8632218844984805,1.8570578357812404,134.7935064935065,129.59138804457956,5.202118448926939,0.0,0.013171225937183385,-0.013171225937183385,0.1025974025974026,2.644427558257346,-2.541830155659943,0.3936663336663337,0.4259574468085107,-0.03229111314217703
240.0,-1.1168662674650698,-1.0282103134479272,-0.08865595401714255,207.56796407185627,161.67451971688573,45.89344435497054,-0.0528942115768463,-0.03943377148634985,-0.013460440090496455,9.65540918163673,4.956056622851365,4.699352558785364,0.35231536926147705,0.41386248736097064,-0.06154711809949359
241.0,-1.5523,-1.5582406471183015,0.005940647118301445,112.8802,133.44307381193124,-20.56287381193124,0.0,-0.0910010111223458,0.0910010111223458,1.5842399999999999,7.288493427704752,-5.704253427704753,0.50629,0.4692922143579373,0.03699778564206274
242.0,-0.7293120638085743,-0.6101522842639596,-0.11915977954461465,174.3022931206381,149.8552284263959,24.447064694242187,0.052841475573280165,-0.013197969543147206,0.06603944511642737,4.068713858424726,5.989147208121828,-1.9204333496971024,0.4268693918245265,0.43809137055837566,-0.01122197873384917
243.0,2.3686313686313683,1.6148634984833161,0.7537678701480521,144.8354645354645,141.5354903943377,3.299974141126796,0.0,0.07785642062689585,-0.07785642062689585,5.676623376623376,7.011506572295247,-1.3348831956718712,0.3764135864135864,0.39211324570273,-0.015699659289143575
245.0,3.1597402597402606,3.399290060851927,-0.23954980111166657,137.8909090909091,138.0745436105477,-0.1836345196385878,0.05294705294705295,0.0,0.05294705294705295,2.944265734265734,0.2299188640973631,2.714346870168371,0.3974625374625375,0.38207910750507107,0.015383429957466443
246.0,-3.351348651348652,-2.5983789260385004,-0.7529697253101517,136.8669330669331,134.92431610942248,1.9426169575106087,-0.5254745254745256,-0.10435663627152987,-0.4211178892029957,42.38105894105894,30.582887537993923,11.798171403065016,0.50001998001998,0.4909219858156028,0.009097994204377235
247.0,-1.768731268731269,-1.6591691995947313,-0.10956206913653777,111.91228771228772,122.47882472137789,-10.566537009090169,0.000999000999001,0.16818642350557245,-0.16718742250657145,11.584975024975025,12.425440729483283,-0.840465704508258,0.5041458541458542,0.4713779128672746,0.032767941278579626
248.0,-2.9160999999999992,-2.4992,-0.41689999999999916,139.7086,122.93680000000002,16.77179999999997,0.421,-0.011999999999999985,0.433,37.971199999999996,26.090790000000002,11.880409999999994,0.5005,0.5050500000000001,-0.004550000000000165
249.0,-3.1636,-2.197902097902098,-0.9656979020979022,171.5989,170.52337662337658,1.0755233766234085,0.631,0.5764235764235763,0.05457642357642367,37.403800000000004,32.32101898101898,5.082781018981024,0.45264000000000004,0.4493806193806193,0.0032593806193807473
250.0,0.3095904095904097,1.8145,-1.5049095904095904,178.7546453546454,158.4201,20.3345453546454,0.05294705294705295,0.012,0.04094705294705295,3.78961038961039,3.9002,-0.11058961038961002,0.40684315684315686,0.40291999999999994,0.003923156843156916
251.0,-4.0601,-4.314285714285714,0.2541857142857138,173.0449,172.05974025974027,0.9851597402597463,0.947,0.961038961038961,-0.014038961038961073,49.25089,49.97818181818182,-0.7272918181818184,0.52152,0.5246753246753246,-0.0031553246753246444
252.0,2.889010989010989,3.311811811811811,-0.4228008228008222,184.37432567432563,175.9563563563563,8.417969317969323,0.0,0.0,0.0,0.38463536463536463,0.2983983983983983,0.0862369662369663,0.32688311688311683,0.3549649649649649,-0.02808184808184805
253.0,-4.5,-4.5,0.0,173.4,173.4,0.0,1.0,1.0,0.0,52.0,52.0,0.0,0.53,0.53,0.0
254.0,4.0426,3.6795204795204786,0.36307952047952163,160.6988,165.9614385614385,-5.262638561438507,0.0,0.0,0.0,0.1531,0.27202797202797196,-0.11892797202797195,0.39846000000000004,0.3875824175824175,0.010877582417582521
255.0,3.9140999999999995,3.742257742257742,0.1718422577422576,158.24669999999998,158.71508491508484,-0.4683849150848687,0.0,0.0,0.0,0.12311,0.19142857142857142,-0.06831857142857142,0.419,0.4079820179820179,0.011017982017982098
256.0,-3.4840999999999998,-3.3232,-0.16089999999999982,116.17229999999998,115.00779999999999,1.1644999999999897,0.053,-0.012,0.065,5.9356599999999995,6.30769,-0.3720300000000005,0.45258,0.45605000000000007,-0.003470000000000084
257.0,1.5533466533466533,0.9144999999999998,0.6388466533466536,92.41418581418581,85.08229999999998,7.3318858141858385,0.0,0.0,0.0,0.10165834165834163,0.15812999999999997,-0.056471658341658335,0.3947652347652348,0.4377699999999999,-0.0430047652347651
258.0,-0.18841158841158842,0.09860000000000008,-0.28701158841158847,89.87402597402595,90.44229999999999,-0.5682740259740342,0.0,-0.064,0.064,1.3073926073926072,4.1464,-2.8390073926073924,0.4757342657342657,0.45457,0.02116426573426572
259.0,-2.5151848151848157,-1.4827827827827822,-1.0324020324020335,116.83206793206793,112.79099099099096,4.041076941076966,0.0,0.0,0.0,2.9230669330669325,2.211741741741741,0.7113251913251917,0.4494105894105895,0.4418418418418419,0.007568747568747591
260.0,-0.38211788211788217,-0.08076923076923075,-0.3013486513486514,119.94585414585416,114.86486486486486,5.0809892809893,0.05294705294705295,0.06652806652806653,-0.01358101358101358,9.13907092907093,5.803118503118503,3.335952425952428,0.4105694305694306,0.421943866943867,-0.011374436374436359
261.0,-4.192907092907093,-3.0859667359667364,-1.1069403569403562,165.37322677322678,150.9731808731809,14.400045900045882,0.7882117882117881,0.6122661122661122,0.1759456759456759,46.64917082917082,35.053492723492724,11.595678105678097,0.5199400599400599,0.5042203742203742,0.015719685719685628
263.0,0.4303999999999998,0.8865904365904363,-0.45619043659043657,187.4651,185.0898128898129,2.3752871101871165,0.053,0.013513513513513513,0.039486486486486484,3.70591,2.9859355509355514,0.7199744490644484,0.37469,0.37660083160083163,-0.0019108316008316084
265.0,3.8260999999999994,3.8483870967741938,-0.02228709677419438,165.12609999999995,163.84807492195628,1.2780250780436688,0.0,0.0,0.0,0.14165999999999998,0.16818938605619144,-0.026529386056191456,0.37368999999999997,0.37914672216441203,-0.0054567221644120645
267.0,3.158899999999999,3.2659397715472482,-0.10703977154724909,163.62159999999997,162.1847352024922,1.4368647975077806,0.0,0.0,0.0,0.3826499999999999,0.36136033229491166,0.021289667705088222,0.37211,0.3923156801661474,-0.020205680166147377
271.0,-0.1963244613434728,-0.0688149688149687,-0.12750949252850413,96.32294043092523,144.76912681912677,-48.44618638820154,-0.06590621039290241,0.3066528066528066,-0.372559017045709,10.346641318124208,16.385665280665275,-6.0390239625410675,0.49674271229404315,0.43266112266112255,0.0640815896329206
273.0,2.983516483516483,2.6384615384615384,0.3450549450549447,165.91948051948054,163.93804573804573,1.9814347814348139,0.0,0.0,0.0,0.4234865134865135,0.5038565488565488,-0.08037003537003534,0.35586413586413596,0.3410602910602911,0.014803844803844834
274.0,0.3249500998003991,-0.5938669438669439,0.9188170436673431,161.2438123752495,151.17442827442824,10.069384100821253,0.21057884231536925,0.1995841995841996,0.010994642731169652,16.69863273453094,15.079573804573803,1.619058929957136,0.4163672654690619,0.42281704781704776,-0.006449782347985877
275.0,-1.49040959040959,0.9239085239085238,-2.414318114318114,144.2114885114885,145.97474012474012,-1.7632516132516116,0.0,0.0,0.0,2.6332967032967027,1.5586798336798335,1.0746168696168692,0.46256743256743255,0.4357796257796257,0.026787806787806845
276.0,4.102799999999999,4.004776739356178,0.09802326064382161,162.44429999999994,155.4180685358255,7.02623146417443,0.0,0.0,0.0,0.22274999999999995,0.23205607476635512,-0.009306074766355171,0.4436399999999999,0.43147455867082035,0.012165441329179572
277.0,0.4480519480519481,0.1267429760665973,0.3213089719853508,71.65964035964038,84.48813735691985,-12.828496997279473,0.0,0.026014568158168574,-0.026014568158168574,0.07836163836163837,3.0434235171696145,-2.965061878807976,0.47311688311688316,0.44914672216441204,0.02397016095247112
278.0,-0.04555444555444556,0.21279916753381892,-0.2583536130882645,101.30469530469531,111.67637877211239,-10.371683467417071,0.0,0.05306971904266389,-0.05306971904266389,1.3254045954045954,3.7335691987513,-2.4081646033467043,0.46945054945054954,0.4536732570239334,0.01577729242661613
279.0,-3.3356999999999997,-3.5,0.16430000000000033,108.39699999999999,111.46891891891892,-3.071918918918925,-0.947,-1.0,0.05300000000000005,47.0659,49.7027027027027,-2.6368027027027026,0.51159,0.5098648648648648,0.0017251351351351696
280.0,-0.5484,-0.3662162162162163,-0.1821837837837837,65.0343,61.144594594594594,3.889705405405408,0.053,0.0,0.053,2.7348,0.04256756756756756,2.6922324324324323,0.52834,0.5370270270270272,-0.008687027027027172
281.0,-0.4423576423576424,-0.9222453222453223,0.4798876798876799,69.97462537462538,98.2461538461538,-28.271528471528427,0.0,0.013513513513513513,-0.013513513513513513,0.2626173826173826,1.85022869022869,-1.5876113076113074,0.5246453546453548,0.49836798336798344,0.026277371277371342
282.0,2.399301397205588,0.9296988577362406,1.4696025394693473,172.1725548902195,145.6818276220145,26.490727268204978,0.0,-0.07995846313603322,0.07995846313603322,0.6153493013972056,7.445493250259605,-6.8301439488624,0.37058882235528934,0.42197300103842156,-0.05138417868313222
283.0,3.8947,3.7452182952182955,0.1494817047817043,165.28489999999996,159.40883575883575,5.876064241164215,0.0,0.0,0.0,0.13,0.29040540540540544,-0.16040540540540543,0.38051,0.376985446985447,0.0035245530145530113
284.0,-1.9649789029535865,-1.9990566037735844,0.03407770081999795,123.82151898734176,119.21549865229109,4.6060203350506725,-0.11075949367088607,-0.08625336927223719,-0.024506124398648882,12.575907172995782,19.13986522911051,-6.563958056114727,0.5010864978902954,0.4738948787061994,0.02719161918409596
286.0,-1.103896103896104,-1.1678459937565033,0.0639498898603994,114.11868131868128,116.54578563995838,-2.427104321277099,-0.05294705294705294,0.05306971904266389,-0.10601677198971682,4.117572427572427,4.140905306971904,-0.023332879399476703,0.4925274725274725,0.4881269510926119,0.0044005214348605826
287.0,3.5540459540459537,2.3610822060353795,1.1929637480105741,137.2255744255744,142.52778355879292,-5.3022091332185255,0.0,-0.04058272632674297,0.04058272632674297,0.3746153846153846,6.421925078043704,-6.0473096934283195,0.3905294705294705,0.41625390218522373,-0.02572443165575322
289.0,2.5794411177644703,2.3680873180873183,0.21135379967715195,158.3669660678642,142.89844074844075,15.468525319423463,0.10479041916167663,0.13305613305613304,-0.02826571389445641,5.7917365269461065,7.081798336798337,-1.2900618098522303,0.3700299401197603,0.39700623700623694,-0.026976296886476625
292.0,3.0511488511488514,3.504880581516095,-0.45373173036724346,173.54535464535465,169.4268951194185,4.118459525936146,-0.05294705294705295,0.0,-0.05294705294705295,2.8577022977022977,0.2447352024922118,2.612967095210086,0.35747252747252756,0.37960539979231567,-0.02213287231978811
294.0,3.9936,3.8933402705515086,0.10025972944849126,159.75719999999995,161.85889698231006,-2.101696982310102,0.0,0.0,0.0,0.12311,0.1746826222684703,-0.051572622268470314,0.40469,0.3972944849115504,0.0073955150884496
295.0,1.4982017982017983,0.34834024896265553,1.1498615492391429,101.04785214785214,100.8298755186722,0.21797662917994387,0.0,-0.0529045643153527,0.0529045643153527,0.3573926073926073,5.815684647302904,-5.4582920399102965,0.3684715284715285,0.43914937759336103,-0.07067784912183256
296.0,-1.5682317682317681,-0.3972972972972974,-1.1709344709344707,118.57182817182817,121.68783783783782,-3.1160096660096457,0.05294705294705294,0.0,0.05294705294705294,4.241648351648351,1.4382744282744284,2.8033739233739228,0.49994005994005986,0.46288981288981296,0.0370502470502469
297.0,1.5054000000000003,0.7326403326403327,0.7727596673596676,89.4659,75.6939708939709,13.771929106029106,0.0,0.0,0.0,0.018549999999999997,0.04513513513513513,-0.026585135135135135,0.38579,0.4456340956340957,-0.05984409563409565
298.0,-3.269,-3.0002079002079003,-0.26879209979209984,144.48219999999998,137.90270270270273,6.579497297297252,-0.842,-0.7858627858627858,-0.056137214137214175,42.371939999999995,39.64480249480249,2.727137505197504,0.49106999999999995,0.48629937629937625,0.0047706237006236996
299.0,-4.245854145854145,-3.891683991683992,-0.3541701541701534,168.51298701298703,164.22723492723492,4.285752085752108,0.841158841158841,0.8399168399168399,0.001242001242001134,49.22345654345654,43.941413721413724,5.282042822042818,0.5236463536463536,0.5155925155925156,0.00805383805383797
300.0,1.099300699300699,1.586798336798337,-0.48749763749763786,158.23806193806192,159.20155925155925,-0.9634973134973279,0.0,0.0,0.0,0.8497002997002995,2.0522972972972977,-1.2025969975969981,0.3684615384615384,0.37423076923076926,-0.00576923076923086
301.0,-3.5,-3.418918918918919,-0.08108108108108114,115.4134,117.62027027027025,-2.206870270270258,-1.0,-0.9864864864864865,-0.013513513513513487,49.7316,49.09640332640333,0.635196673596667,0.50842,0.5054365904365905,0.002983409563409478
302.0,3.6485000000000003,4.0519750519750515,-0.4034750519750512,161.0873,148.46257796257794,12.62472203742206,0.0,0.0,0.0,0.2854,0.1477027027027027,0.1376972972972973,0.41469,0.39356548856548856,0.02112451143451144
303.0,4.1738,3.3460416666666664,0.8277583333333336,163.89649999999995,157.1434375,6.753062499999942,0.0,-0.053125,0.053125,0.13,4.212020833333333,-4.082020833333333,0.41475999999999996,0.41565625,-0.0008962500000000428
304.0,3.68021978021978,4.1347193347193345,-0.4544995544995545,148.52917082917082,150.8290020790021,-2.2998312498312714,0.0,0.0,0.0,0.19459540459540461,0.15625779625779626,0.03833760833760835,0.4310889110889112,0.3983991683991684,0.032689742689742785
306.0,2.517982017982018,2.044849115504683,0.4731329024773352,175.99300699300696,156.21134235171698,19.78166464128998,0.0,0.0,0.0,0.4545254745254745,0.5951821019771071,-0.1406566274516326,0.3348051948051948,0.36984391259105104,-0.035038717785856266
314.0,3.5009990009990006,2.8468814968814966,0.654117504117504,167.64795204795197,154.26954261954265,13.378409428409327,0.05294705294705294,-0.013513513513513513,0.06646056646056644,2.971138861138861,3.7573804573804566,-0.7862415962415956,0.40571428571428564,0.3936278586278586,0.012086427086427043
316.0,3.1373626373626373,1.8226375908618895,1.3147250465007478,155.40399600399596,157.90269989615774,-2.4987038921617852,0.0,0.0,0.0,0.36673326673326667,3.5632814122533745,-3.196548145520108,0.3773426573426574,0.38940809968847345,-0.01206544234581608
318.0,-3.1521000000000003,-1.1248962655601658,-2.0272037344398344,113.74399999999999,130.60757261410788,-16.863572614107895,-0.105,-0.11929460580912861,0.014294605809128613,7.963439999999999,11.653205394190866,-3.689765394190867,0.46943999999999997,0.43105809128630695,0.038381908713693014
320.0,0.3579,-1.2820704375667014,1.6399704375667015,105.30560000000001,141.93127001067234,-36.62567001067232,-0.21,0.16435432230522942,-0.3743543223052294,10.723929999999998,21.73965848452507,-11.015728484525072,0.4384,0.4617822838847385,-0.02338228388473851
322.0,2.1067114093959733,-0.5603665521191292,2.6670779615151026,118.31733780760628,98.51718213058417,19.800155677022104,0.0,-0.08705612829324169,0.08705612829324169,1.0923713646532438,9.514524627720503,-8.422153263067258,0.36994407158836684,0.4744215349369988,-0.10447746334863195
330.0,-0.5392857142857143,-0.6647727272727271,0.1254870129870128,113.63716517857142,124.30454545454543,-10.667380275974011,0.0,0.14610389610389607,-0.14610389610389607,1.4654799107142855,8.652175324675323,-7.186695413961037,0.4464285714285715,0.4476785714285713,-0.0012499999999998068
332.0,2.2176172370088723,0.11854583772391998,2.099071399284952,107.68111533586818,129.0532139093783,-21.3720985735101,0.0,0.1095890410958904,-0.1095890410958904,0.14610899873257285,15.425795574288722,-15.27968657555615,0.37069708491761716,0.4407165437302424,-0.07001945881262522
333.0,-3.29746835443038,-0.9097046413502107,-2.387763713080169,127.0506329113924,107.44883966244724,19.601793248945157,0.0,-0.22890295358649781,0.22890295358649781,15.76446835443038,13.505210970464132,2.259257383966247,0.4719240506329114,0.4695675105485231,0.002356540084388292
334.0,4.154746835443038,2.297371188222923,1.8573756472201146,159.08027426160336,142.5036803364879,16.576593925115475,0.0,0.013669821240799157,-0.013669821240799157,0.20267932489451473,2.636046267087276,-2.4333669421927615,0.41663502109704637,0.4206098843322818,-0.003974863235235437
335.0,1.7436248682824023,3.235263157894737,-1.4916382896123348,153.19915700737616,164.68526315789472,-11.486106150518566,-0.05584826132771338,0.0,-0.05584826132771338,3.9007270811380392,0.5692631578947369,3.3314639232433025,0.3390937829293994,0.3554210526315789,-0.016327269702179514
336.0,-3.2654373024236034,-1.8081052631578947,-1.4573320392657088,143.3812434141201,139.24578947368423,4.135453940435866,0.0010537407797681633,0.2842105263157894,-0.28315678553602125,19.01198103266596,19.807915789473682,-0.7959347568077213,0.4760273972602739,0.46021052631578935,0.01581687094448453
337.0,2.0013698630136982,2.0082278481012654,-0.006857985087567187,175.91559536354052,160.21381856540083,15.70177679813969,0.0,-0.02742616033755274,0.02742616033755274,5.895173867228661,1.9451582278481012,3.9500156393805597,0.3541201264488935,0.3769831223628692,-0.02286299591397567
339.0,3.506815642458101,3.295961002785515,0.2108546396725859,136.86715083798885,143.15376044568245,-6.286609607693606,0.0,-0.036211699164345405,0.036211699164345405,0.3147597765363129,2.0979247910863505,-1.7831650145500377,0.4112402234636872,0.3933565459610027,0.017883677502684492
349.0,-0.8954689146469968,-0.10799573560767584,-0.787473179039321,114.52792413066388,104.06460554370999,10.46331858695389,0.11064278187565861,0.041577825159914705,0.0690649567157439,11.982518440463645,4.454637526652451,7.5278809138111935,0.47060063224446785,0.46275053304904046,0.007850099195427396
355.0,3.320870535714285,1.4556593977154724,1.8652111379988128,165.04374999999993,149.2503634475597,15.79338655244024,0.0,0.039460020768431976,-0.039460020768431976,0.22286830357142853,5.376282450674973,-5.153414147103544,0.3688169642857142,0.41410176531671866,-0.04528480103100446
359.0,-2.0278775079197464,-1.2564102564102562,-0.7714672515094902,121.17074973600846,108.1965811965812,12.974168539427254,0.11087645195353747,-0.05448717948717949,0.16536363144071697,7.279524815205914,9.19153846153846,-1.9120136463325466,0.5110982048574446,0.48527777777777775,0.025820427079666863
370.0,-3.60548523206751,-3.937513171759747,0.332027939692237,164.83502109704634,162.75057955742886,2.0844415396174725,0.7763713080168775,0.7576396206533191,0.018731687363558347,46.07551687763712,45.05219178082191,1.0233250968152134,0.5109915611814346,0.5090200210748156,0.0019715401066190408
372.0,3.560612460401267,3.296153846153845,0.2644586142474221,166.06599788806756,166.01424116424113,0.05175672382642915,0.0,0.01351351351351351,-0.01351351351351351,0.34689545934530097,0.9905301455301453,-0.6436346861848443,0.3682998944033791,0.36937629937629934,-0.0010764049729202196
374.0,3.302426160337552,3.258670820353063,0.043755339984488995,165.73280590717295,169.68774662512982,-3.954940717956873,0.05590717299578059,0.0,0.05590717299578059,3.0802215189873414,0.3607892004153686,2.7194323185719727,0.3632911392405062,0.35939771547248184,0.0038934237680243733
375.0,-0.051543942992874035,-0.5988120950323973,0.5472681520395233,93.30783847980999,118.35529157667385,-25.047453096863862,-0.06294536817102138,0.02807775377969762,-0.091023121950719,3.8551425178147274,6.906274298056154,-3.0511317802414264,0.44691211401425174,0.4583261339092871,-0.011414019895035377
379.0,-2.6021000000000005,-2.4857379767827523,-0.1163620232172482,104.5737,114.18159203980098,-9.607892039800973,-0.789,-0.7014925373134328,-0.08750746268656728,39.22019,35.22203980099502,3.998150199004982,0.50838,0.48963515754560527,0.018744842454394783
383.0,-2.311899999999999,-3.058286985539489,0.7463869855394898,150.46009999999998,143.02135706340377,7.438742936596213,0.6309999999999999,0.5706340378197998,0.06036596218020007,33.10238999999999,32.89846496106785,0.20392503893214098,0.46473999999999993,0.4953615127919911,-0.030621512791991157
385.0,2.9688616071428573,1.4207920792079207,1.5480695279349366,136.01595982142857,142.6301430143014,-6.614183192872844,0.0,0.05720572057205719,-0.05720572057205719,0.48320312500000007,7.608910891089107,-7.125707766089107,0.420625,0.40518151815181513,0.015443481848184892
386.0,1.8022175290390707,0.5399792315680163,1.2622382974710544,175.33009503695882,183.9111111111111,-8.581016074152274,0.0559662090813094,0.013499480789200413,0.042466728292108985,3.5993875395987325,2.106614745586708,1.4927727940120246,0.36447729672650475,0.3563032191069574,0.00817407761954736
387.0,1.27457805907173,0.4523364485981307,0.8222416104735992,150.26856540084384,126.98629283489095,23.282272565952894,0.16666666666666666,0.09345794392523363,0.07320872274143303,8.980295358649787,6.910218068535824,2.0700772901139635,0.4126582278481012,0.427497403946002,-0.014839176097900808
388.0,2.885638859556494,3.7884615384615383,-0.9028226789050442,170.0152059134108,168.74573804573802,1.2694678676727733,0.11087645195353749,0.027027027027027025,0.08384942492651046,5.9055543822597665,1.5625155925155922,4.343038789744174,0.39610348468848994,0.41242203742203737,-0.01631855273354743
393.0,0.5657866948257654,1.0345784418356456,-0.46879174700988024,203.68669482576556,200.6420490928495,3.0446457329160523,0.0,0.0,0.0,1.302428722280887,1.1327001067235858,0.16972861555730123,0.3228722280887012,0.32472785485592304,-0.0018556267672218407
399.0,-1.8215784215784219,0.8868120456905503,-2.708390467268972,152.4186813186813,145.85576323987536,6.56291807880595,-0.3676323676323676,-0.25233644859813087,-0.11529591903423675,34.6292907092907,15.512731048805815,19.116559660484885,0.4466833166833167,0.41369678089304257,0.03298653579027411
401.0,0.1353646353646353,1.4946985446985448,-1.3593339093339094,119.96293706293707,134.59137214137215,-14.628435078435075,0.0,0.0,0.0,0.9598401598401598,0.8085862785862786,0.15125388125388117,0.470929070929071,0.42312889812889815,0.04780017280017285
405.0,-0.9404595404595403,-2.112889812889813,1.1724302724302724,110.06463536463536,120.5504158004158,-10.485780435780441,-0.05294705294705294,-0.2276507276507277,0.17470367470367476,4.344635364635364,22.955426195426192,-18.610790830790826,0.47362637362637355,0.48564449064449067,-0.012018117018117114
406.0,-0.07422577422577414,-0.5994797086368365,0.5252539344110624,140.17962037962036,141.708220603538,-1.5286002239176355,0.10589410589410587,0.24037460978147765,-0.13448050388737176,6.665074925074925,13.428813735691989,-6.763738810617064,0.4188911088911088,0.44685744016649326,-0.02796633127538445
407.0,-2.954645354645355,-0.7854469854469855,-2.1691983691983694,138.94535464535466,143.01257796257795,-4.067223317223295,-0.7352647352647351,-0.5738045738045738,-0.1614601614601613,42.215264735264725,28.869012474012475,13.34625226125225,0.47988011988011986,0.45803534303534305,0.021844776844776814
408.0,1.7004995004995003,0.052959501557632675,1.6475399989418675,160.08211788211787,162.49190031152645,-2.4097824294085797,0.21078921078921076,0.292834890965732,-0.08204568017652125,11.420279720279717,23.432585669781925,-12.012305949502208,0.46314685314685305,0.4742471443406022,-0.011100291193749168
409.0,-0.5238,0.8312564901349948,-1.3550564901349949,218.50130000000001,202.70809968847348,15.793200311526533,0.053,0.0,0.053,4.53785,1.410301142263759,3.1275488577362407,0.33741,0.3377777777777778,-0.0003677777777778002
410.0,-1.1812,-0.4134095634095633,-0.7677904365904367,109.2689,128.9397089397089,-19.670808939708905,-0.10500000000000001,-0.16008316008316006,0.055083160083160054,11.97568,15.579313929313928,-3.6036339293139275,0.49162999999999996,0.4695530145530145,0.022076985446985442
411.0,3.8988011988011992,3.8372528616024972,0.06154833719870201,162.07572427572427,166.41290322580645,-4.337178950082176,0.0,0.0,0.0,0.1461938061938062,0.22531737773152966,-0.07912357153772345,0.4258241758241758,0.3888761706555671,0.03694800516860869
412.0,3.114085914085914,0.8452054794520548,2.268880434633859,149.77852147852147,142.51601685985247,7.2625046186689985,-0.05294705294705295,0.12223393045310853,-0.17518098340016147,3.0982117882117888,12.359262381454162,-9.261050593242373,0.4326973026973028,0.4419178082191781,-0.00922050552187531
413.0,-3.044655344655345,-3.0193002257336343,-0.025355118921710496,110.0177822177822,107.11512415349887,2.9026580642833295,0.0,0.0,0.0,3.0194305694305688,2.911647855530474,0.10778271390009486,0.46582417582417573,0.47047404063205417,-0.004649864807878434
414.0,-0.743856143856144,-1.0582405345211583,0.31438439066501433,122.05924075924078,128.7082405345211,-6.6489997752803305,-0.1048951048951049,-0.17149220489977726,0.06659710000467237,11.48052947052947,22.062728285077956,-10.582198814548486,0.4647552447552448,0.45405345211581294,0.010701792639431884
419.0,-3.2159000000000004,-3.2,-0.015900000000000247,150.96869999999996,153.2,-2.231300000000033,0.8939999999999999,1.0,-0.1060000000000001,51.499300000000005,51.6,-0.10069999999999624,0.33007,0.32,0.010069999999999968
420.0,-1.5364000000000002,-1.5935064935064938,0.05710649350649355,109.9122,111.35194805194807,-1.4397480519480723,0.0,0.0,0.0,1.49626,1.5623376623376626,-0.06607766233766266,0.51159,0.5101298701298702,0.0014601298701297782
421.0,3.698627243928194,3.2422000000000004,0.4564272439281938,170.35649419218583,171.10679999999996,-0.7503058078141294,0.0,0.0,0.0,0.3813621964097149,0.5755399999999999,-0.19417780359028503,0.42338965153115093,0.36784,0.055549651531150934
422.0,-3.2,-3.2,0.0,153.2,153.2,0.0,1.0,1.0,0.0,51.6,51.6,0.0,0.32,0.32,0.0
423.0,3.955801687763713,3.9364999999999997,0.01930168776371355,166.7,164.10319999999996,2.59680000000003,0.0,0.0,0.0,0.13,0.19629999999999997,-0.06629999999999997,0.3900316455696203,0.39361,-0.0035783544303797377
424.0,-3.2,-3.2,0.0,153.2,153.2,0.0,1.0,1.0,0.0,51.6,51.6,0.0,0.32,0.32,0.0
425.0,3.143611404435058,1.0734265734265733,2.0701848310084845,145.95417106652587,99.43446553446555,46.51970553206033,0.0,-0.012987012987012984,0.012987012987012984,0.10831045406546991,0.7351948051948051,-0.6268843511293352,0.4005807814149947,0.47680319680319677,-0.07622241538820207
426.0,2.4101265822784814,1.1902097902097901,1.2199167920686913,132.9848101265823,143.75594405594404,-10.771133929361753,0.11075949367088608,0.11488511488511487,-0.0041256212142287835,6.083628691983123,9.33423576423576,-3.2506070722526372,0.3856329113924051,0.3838661338661339,0.0017667775262711904
428.0,2.598734177215189,2.1982999999999997,0.40043417721518937,184.25896624472574,172.9407,11.318266244725748,0.0,0.0,0.0,0.4237974683544303,0.6219699999999999,-0.19817253164556964,0.3211814345991561,0.34215999999999996,-0.020978565400843863
429.0,-2.8162105263157895,-2.790319361277445,-0.025891165038344433,164.43789473684205,150.77135728542913,13.666537451412921,0.44315789473684203,0.1277445109780439,0.3154133837587981,29.698410526315783,26.013403193612774,3.685007332703009,0.47983157894736833,0.47649700598802397,0.003334572959344362
430.0,3.657805907172996,4.0674,-0.4095940928270041,145.93691983122363,151.9668,-6.029880168776373,-0.055907172995780595,-0.013,-0.0429071729957806,2.9052320675105485,0.77532,2.1299120675105483,0.40783755274261607,0.40577,0.0020675527426160523
432.0,-2.566877637130802,-1.609090909090909,-0.9577867280398933,100.9516877637131,102.17322677322676,-1.2215390095136627,-0.49894514767932496,-0.22977022977022976,-0.2691749179090952,30.857267932489457,17.584645354645353,13.272622577844103,0.515,0.4919280719280719,0.023071928071928094
433.0,-2.903481012658227,-2.2516516516516503,-0.6518293610065768,154.7427215189873,143.63903903903898,11.103682479948333,0.6656118143459914,0.3073073073073072,0.35830450703868416,40.36452531645569,33.164004004004,7.200521312451691,0.47337552742616035,0.4916916916916916,-0.018316164265531232
456.0,-1.0097468354430381,-1.0066411238825033,-0.0031057115605348518,119.97113924050632,115.83550446998721,4.135634770519104,0.0,0.016602809706257982,-0.016602809706257982,1.5080379746835442,3.7632950191570873,-2.2552570444735434,0.48803797468354426,0.48727969348659,0.000758281196954258
459.0,-2.4065243179122184,-1.298051948051948,-1.1084723698602705,112.06986951364175,138.35727272727271,-26.287403213630967,0.1874258600237248,0.14935064935064934,0.038075210673075455,11.68111506524318,12.652506493506493,-0.9713914282633134,0.4562752075919336,0.4164545454545454,0.03982066213738816
460.0,-2.569061876247505,-3.1550079491255953,0.5859460728780905,146.49810379241515,142.29459459459457,4.20350919782058,-0.6297405189620757,-0.3879173290937995,-0.24182318986827622,37.19904191616765,42.44682034976151,-5.247778433593858,0.47672654690618754,0.4928616852146263,-0.016135138308438768
462.0,0.4131868131868131,-0.4241653418124006,0.8373521549992138,74.47312687312687,72.13497615262321,2.3381507205036627,0.0,-0.020667726550079486,0.020667726550079486,0.013766233766233765,1.2214626391096977,-1.2076964053434638,0.49464535464535464,0.5173449920508744,-0.022699637405519724
463.0,-0.5707292707292709,-0.17432567432567425,-0.3964035964035967,199.83326673326675,193.4138861138861,6.419380619380661,0.1058941058941059,0.15384615384615383,-0.047952047952047924,6.947112887112887,9.143746253746253,-2.1966333666333657,0.3596003996003996,0.3772227772227772,-0.017622377622377616
464.0,-3.9417999999999997,-3.5630999999999995,-0.37870000000000026,167.5034,163.3405,4.162900000000008,0.894,0.7949999999999999,0.09900000000000009,49.7837,44.94174,4.84196,0.47789,0.47300000000000003,0.00488999999999995
465.0,-3.3464535464535463,-3.2174825174825177,-0.12897102897102863,119.50799200799199,118.39250749250748,1.1154845154845106,-0.841158841158841,-0.6533466533466533,-0.18781218781218767,47.28031968031968,48.08087912087912,-0.8005594405594394,0.4893506493506493,0.47674325674325674,0.012607392607392576
466.0,0.07420000000000015,-0.44000000000000006,0.5142000000000002,119.8762,117.9812,1.894999999999996,0.0,0.0,0.0,1.4182599999999999,1.5821,-0.1638400000000002,0.4321,0.4410200000000001,-0.008920000000000095
467.0,3.6387,3.6282,0.010499999999999954,150.97879999999998,150.59250000000003,0.3862999999999488,0.0,-0.026,0.026,0.2273,1.52121,-1.29391,0.41690000000000005,0.40657000000000004,0.010330000000000006
468.0,-3.0542914171656688,-0.4725548902195609,-2.581736526946108,147.08333333333334,143.16586826347307,3.9174650698602704,0.2095808383233533,0.05089820359281437,0.15868263473053895,22.942075848303393,13.808123752495009,9.133952095808384,0.4799301397205589,0.44272455089820356,0.03720558882235536
469.0,2.778021978021978,3.496896896896897,-0.7188749188749193,121.10879120879117,135.76866866866868,-14.659877459877507,0.0,0.0,0.0,0.22569430569430568,0.213023023023023,0.012671282671282674,0.3805794205794205,0.3844244244244245,-0.003845003845003969
472.0,-0.5800199800199801,-0.661786085150571,0.0817661051305909,65.92417582417582,79.5896157840083,-13.665439959832483,0.0,0.0010384215991692599,-0.0010384215991692599,0.2668531468531468,4.403894080996885,-4.137040934143738,0.5304695304695305,0.5020976116303218,0.028371918839208643
474.0,2.072427572427573,-0.4184615384615384,2.4908891108891114,147.8642357642358,142.06,5.804235764235784,0.2097902097902098,0.2369230769230769,-0.02713286713286711,10.899420579420582,19.36403076923077,-8.464610189810188,0.41466533466533473,0.4524923076923077,-0.037826973026972965
475.0,1.4714999999999998,1.6090909090909093,-0.13759090909090954,146.89499999999998,139.60519480519483,7.2898051948051545,0.105,0.07692307692307693,0.02807692307692307,6.1529799999999994,4.632887112887113,1.5200928871128863,0.42577000000000004,0.42848151848151855,-0.0027115184815185156
477.0,3.320758483033931,3.6720279720279723,-0.3512694889940411,159.68113772455084,157.90539460539463,1.7757431191562034,0.0,0.0,0.0,0.472754491017964,0.27141858141858144,0.20133590959938258,0.4330938123752494,0.40881118881118883,0.02428262356406058
478.0,2.0755489021956093,1.9266733266733265,0.1488755755222828,136.72584830339318,142.0011988011988,-5.2753504978056185,0.0528942115768463,0.038961038961038974,0.01393317261580733,3.2296207584830334,8.62053946053946,-5.390918702056426,0.39803393213572863,0.40792207792207796,-0.009888145786349334
479.0,2.6324,2.8250250250250253,-0.1926250250250252,109.71669999999999,137.95585585585587,-28.239155855855884,0.0,0.0,0.0,0.13316999999999998,0.32729729729729734,-0.19412729729729736,0.39471,0.3757457457457457,0.018964254254254298
481.0,2.3499500499500496,1.8842999999999994,0.4656500499500502,179.4164835164835,151.13039999999995,28.286083516483558,0.0,0.0,0.0,0.4516583416583416,0.4265199999999999,0.025138341658341723,0.3322377622377622,0.35017999999999994,-0.017942237762237745
482.0,-0.9537924151696603,-2.472073921971252,1.5182815068015918,102.652994011976,109.8865503080082,-7.233556296032191,-0.21057884231536922,-0.42197125256673507,0.21139241025136585,16.323143712574844,30.662484599589316,-14.339340887014473,0.47847305389221545,0.48903490759753576,-0.010561853705320312
488.0,-0.3095991561181435,-0.6853,0.37570084388185654,192.23164556962024,205.3635,-13.131854430379747,0.0,0.013,-0.013,1.3866244725738397,2.32874,-0.9421155274261601,0.384451476793249,0.36277,0.021681476793249
489.0,3.3367755532139096,2.6737737737737737,0.6630017794401359,140.90853530031612,136.3940940940941,4.514441206222017,0.0,0.0,0.0,0.42015806111696524,0.5901201201201202,-0.16996205900315492,0.37892518440463646,0.35725725725725727,0.021667927147379196
490.0,-0.08829113924050641,0.7260739260739261,-0.8143650653144325,205.4314345991561,186.40709290709293,19.02434169206316,0.0,-0.025974025974025976,0.025974025974025976,1.5848945147679325,2.3820979020979025,-0.79720338732997,0.33777426160337554,0.3526173826173826,-0.014843121014007088
491.0,-3.2,-3.2,0.0,153.2,153.2,0.0,1.0,1.0,0.0,51.6,51.6,0.0,0.32,0.32,0.0
492.0,2.5,2.5,0.0,108.5,108.5,0.0,0.0,0.0,0.0,1.48,1.48,0.0,0.35,0.35,0.0
493.0,-3.2,-3.2,0.0,153.2,153.2,0.0,1.0,1.0,0.0,51.6,51.6,0.0,0.32,0.32,0.0
494.0,4.056223628691983,2.3896761133603235,1.6665475153316596,166.27911392405065,156.0781376518218,10.200976272228843,0.0,0.0,0.0,0.2739873417721519,4.6322368421052635,-4.358249500333112,0.42224683544303804,0.42682186234817804,-0.0045750269051400005
495.0,3.667632367632367,3.4508611955420463,0.2167711720903207,166.31348651348645,161.0126646403242,5.300821873162249,0.0,0.0,0.0,0.21047952047952045,0.2955623100303952,-0.08508278955087473,0.3641758241758241,0.37964539007092196,-0.015469565895097848
496.0,-3.2405594405594402,-2.3715587044534407,-0.8690007361059995,137.33046953046951,145.49969635627528,-8.169226825805765,-0.7882117882117882,-0.6103238866396761,-0.1778879015721121,44.66936063936063,37.2724898785425,7.396870760818132,0.4968231768231767,0.46110323886639676,0.03571993795677997
497.0,-3.2,-3.2,0.0,153.2,153.2,0.0,1.0,1.0,0.0,51.6,51.6,0.0,0.32,0.32,0.0
498.0,-3.198101265822785,-1.5678137651821864,-1.6302875006405986,140.0716244725738,140.73633603238866,-0.6647115598148616,-0.8881856540084387,-0.597165991902834,-0.2910196621056047,44.59776371308016,30.32803643724696,14.269727275833201,0.48825949367088606,0.44102226720647775,0.04723722646440831
499.0,-3.2036919831223623,-2.572340425531914,-0.631351557590448,111.36835443037974,116.9364741641337,-5.56811973375396,-0.9440928270042194,-0.7396149949341437,-0.20447783207007564,46.93259493670886,39.57839918946301,7.354195747245846,0.501054852320675,0.483515704154002,0.017539148166673013
500.0,-0.993565400843882,-0.2841666666666667,-0.7093987341772153,165.8790084388186,136.9884375,28.8905709388186,0.055907172995780595,0.012500000000000002,0.04340717299578059,4.437995780590717,4.619395833333334,-0.1814000527426165,0.41348101265822784,0.4130520833333333,0.0004289293248945225
501.0,-2.3177402323125658,-0.8640324214792299,-1.453707810833336,94.49968321013728,79.55562310030396,14.944060109833316,-0.49947201689545934,-0.23404255319148934,-0.26542946370397,30.37560718057022,11.708439716312055,18.667167464258164,0.5194192185850053,0.508774062816616,0.010645155768389314
502.0,1.9,1.9731509625126646,-0.07315096251266473,162.9,163.04630192502532,-0.14630192502531258,0.0,0.0,0.0,1.43,1.379949341438703,0.05005065856129698,0.3,0.30269503546099286,-0.0026950354609928673
503.0,1.5757383966244722,1.8287449392712551,-0.2530065426467829,163.21867088607596,159.86325910931177,3.3554117767641856,0.05590717299578059,0.02631578947368421,0.02959138352209638,4.117457805907172,2.489554655870445,1.627903150036727,0.3095042194092827,0.3250202429149798,-0.015516023505697085
504.0,-3.036775553213909,-1.3563765182186234,-1.6803990349952855,161.47081138040042,134.19281376518217,27.277997615218254,0.720758693361433,0.4149797570850202,0.3057789362764127,37.78382507903055,23.22321862348178,14.560606455548768,0.5104531085353002,0.4624392712550608,0.048013837280239446
505.0,-1.404531085353003,-1.7775303643724696,0.3729992790194665,122.27239199157006,123.80242914979756,-1.5300371582275005,0.0,-0.1548582995951417,0.1548582995951417,6.8146575342465745,13.071396761133599,-6.256739226887024,0.4910115911485774,0.4760627530364372,0.014948838112140206
506.0,2.8003164556962026,3.3779352226720647,-0.5776187669758621,165.72616033755276,166.24959514170038,-0.5234348041476267,0.0,0.0,0.0,0.7562869198312236,0.35476720647773274,0.4015197133534909,0.32889240506329115,0.36057692307692313,-0.03168451801363198
507.0,-1.6874604847207586,-1.5214357937310417,-0.16602469098971695,127.35405690200213,140.63902932254803,-13.284972420545898,-0.6101159114857745,0.013144590495449946,-0.6232605019812244,36.16860906217072,26.228240647118295,9.940368415052422,0.4783034773445733,0.46770475227502534,0.010598725069547954
508.0,4.310864978902953,2.882269503546099,1.428595475356854,153.34999999999997,142.35248226950353,10.99751773049644,0.0,0.0,0.0,0.13,0.5443465045592705,-0.41434650455927047,0.4199683544303798,0.40403242147922996,0.01593593295114981
