PDB_resnum,KL_thermo_to_generic,KL_generic_to_thermo,KL_symmetric,thermo_entropy,generic_entropy,entropy_diff,rank
333.0,2.0927602492037587,2.84625609250927,2.469508170856514,1.3303257329786393,2.29295699258513,-0.9626312596064905,1
322.0,1.5828039226698445,2.9905340759556025,2.2866689993127234,1.3460652984526118,2.28287335635819,-0.9368080579055782,2
100.0,1.6108606449230192,2.66900149140865,2.1399310681658346,0.6894529916058946,1.489279681537995,-0.7998266899321004,3
123.0,1.5801208911270446,2.6163085460326996,2.098214718579872,1.3303257329786393,2.0062546491872624,-0.675928916208623,4
271.0,1.5563282028339172,2.6078540174669746,2.082091110150446,1.7288333092252595,2.1490092136305154,-0.420175904405256,5
335.0,1.0804001165928943,3.0528202615019353,2.066610189047415,0.9574502707008465,1.1377247657403102,-0.1802744950394637,6
127.0,1.345126484927305,2.7137749188971214,2.0294507019122134,0.5217727373545666,2.310167186809743,-1.7883944494551764,7
101.0,1.3142084387688666,2.4266850331770815,1.870446735972974,1.0442251951995112,2.306958219239179,-1.262733024039668,8
320.0,1.1182052605246864,2.5816826810975986,1.8499439708111425,1.9116473403224141,2.3787285153714133,-0.46708117504899915,9
220.0,1.0003168088984737,2.4864503497299437,1.7433835793142087,0.556149413738957,2.0673929197856475,-1.5112435060466907,10
385.0,0.9823133052683931,2.11871049178279,1.5505118985255917,1.4451751223863334,2.543448221085762,-1.0982730986994285,11
332.0,0.9652727772046282,2.064262780683985,1.5147677789443066,1.1248855480257018,2.4285515445153703,-1.3036659964896684,12
219.0,1.1366804525869738,1.837690477171018,1.487185464878996,1.0926135880822174,1.755127217784633,-0.6625136297024157,13
399.0,1.029490704394807,1.7556242127312802,1.3925574585630436,1.5762209178041593,2.043913151823848,-0.46769223401968874,14
318.0,0.9723223955684777,1.7835262376630387,1.3779243166157582,0.9689649954730446,2.156851481350984,-1.1878864858779394,15
240.0,0.7516165628093875,1.9600777270609322,1.35584714493516,1.1068785759226487,2.229392107159968,-1.1225135312373191,16
142.0,0.7553054092540656,1.932153365612784,1.3437293874334248,1.2198238100908294,1.934916828592399,-0.7150930185015696,17
505.0,0.9290041251117624,1.7112159281440287,1.3201100266278956,1.1490431497834612,2.390839527651968,-1.2417963778685068,18
43.0,1.1382947560023715,1.484460823582466,1.3113777897924188,0.6433772337917117,1.7123268531522642,-1.0689496193605525,19
295.0,0.7183259835926545,1.87108133652021,1.2947036600564323,0.9221454763702226,2.022821056627219,-1.1006755802569963,20
225.0,0.9719963281048216,1.56258609688508,1.2672912124949507,1.263165669423247,2.3153253918855854,-1.0521597224623385,21
228.0,0.8921303431354779,1.5832708687437083,1.237700605939593,1.5181287831935466,2.1180077256563843,-0.5998789424628377,22
160.0,0.9360129367258326,1.537881138778871,1.2369470377523517,0.8846893563261954,1.2697653745355435,-0.3850760182093481,23
410.0,0.7218189121588859,1.729660431896418,1.2257396720276519,1.338767421305066,2.172680670356604,-0.8339132490515382,24
110.0,1.2055631790951127,1.1859658962141069,1.1957645376546098,2.0739947969448647,2.5085602104841622,-0.43456541353929756,25
31.0,0.8224543499406105,1.5442592441015546,1.1833567970210825,1.2705276315900618,2.1143168449419414,-0.8437892133518796,26
379.0,0.6326230550926625,1.6901521678950178,1.1613876114938402,0.7586687557079926,1.6713494289830408,-0.9126806732750482,27
247.0,1.1183187867581554,1.1777052156575938,1.1480120012078747,1.3281340172709988,1.9126439696948907,-0.5845099524238919,28
159.0,0.8672261131319978,1.425975654301482,1.14660088371674,1.7724819947923067,2.297448586533395,-0.5249665917410882,29
407.0,0.6451120837385337,1.6377291658184567,1.1414206247784953,0.9221454763702226,1.4827185618517271,-0.5605730854815045,30
158.0,0.9750513361832351,1.2772210165334181,1.1261361763583266,1.3343789877759726,1.476445844186681,-0.14206685641070838,31
359.0,0.581936818934745,1.6417803078041482,1.1118585633694467,0.6894666346419265,1.7524274396671953,-1.0629608050252688,32
284.0,0.7266881438309744,1.476451096346514,1.1015696200887442,1.373764315015585,2.294867627972579,-0.9211033129569939,33
274.0,0.9021938157688191,1.2883152572713783,1.0952545365200987,1.9167290811977558,2.4114572162954357,-0.49472813509768,34
334.0,0.7233878053339554,1.453876432524095,1.0886321189290251,1.275039936641691,1.8831986080808063,-0.6081586714391154,35
162.0,0.7092809423872177,1.4587382704474152,1.0840096064173164,1.1173004948743976,2.2347184454684594,-1.1174179505940618,36
208.0,0.8508419575741462,1.3109548044981678,1.080898381036157,1.076480161936788,2.009089126355815,-0.932608964419027,37
115.0,1.133706413683614,1.0276837175537419,1.080695065618678,1.4133854475747072,1.9085178228752493,-0.4951323753005421,38
459.0,0.7577843434712938,1.400184336390703,1.0789843399309984,1.5061986183931801,2.3157932847610727,-0.8095946663678926,39
206.0,0.607987382037876,1.547778227549896,1.077882804793886,0.6894666346419264,1.9194482775032027,-1.2299816428612762,40
372.0,0.5808728865064493,1.5744135094674976,1.0776431979869734,0.9042582510494472,1.4711309473966834,-0.5668726963472361,41
383.0,1.069058666955161,1.0743006294277375,1.0716796481914492,1.6020640469132705,1.7988162765647555,-0.19675222965148498,42
426.0,0.6454507547303754,1.430439876772117,1.0379453157512462,1.1907205767414908,2.158339792754537,-0.9676192160130461,43
156.0,0.8822431434221288,1.161316530400081,1.0217798369111049,1.396739849270991,2.023208577609883,-0.6264687283388919,44
282.0,0.8311388870353584,1.2080850069784466,1.0196119470069025,1.3641810130906364,1.796610432677797,-0.4324294195871605,45
375.0,0.7496139691486949,1.285246036980042,1.0174300030643684,1.5854889399158716,2.293626665429356,-0.7081377255134842,46
316.0,0.7408563460400359,1.263059987901386,1.001958166970711,1.2198238100908296,1.4838469543736497,-0.26402314428282003,47
468.0,0.779260010691639,1.2133866947359535,0.9963233527137962,1.8023842155761893,2.5813941769385096,-0.7790099613623203,48
339.0,0.6972914661986307,1.2872306003854779,0.9922610332920543,0.9197036005602807,1.5559916444120887,-0.636288043851808,49
507.0,0.7576159829274561,1.1923985929204453,0.9750072879239506,1.4552170370578748,2.3790501116976532,-0.9238330746397785,50
166.0,0.5470204763348359,1.3911949839308488,0.9691077301328423,1.150978230601528,2.111415653442379,-0.960437422840851,51
479.0,0.5142353363533995,1.4195075533001378,0.9668714448267686,1.3812725874754026,1.8912659243346563,-0.5099933368592537,52
6.0,0.7216418311714097,1.2009646595035175,0.9613032453374636,1.3467159821029746,1.862096995293908,-0.5153810131909333,53
414.0,0.7439711820984205,1.1701079577219227,0.9570395699101716,1.82842258536755,2.5209927282028186,-0.6925701428352686,54
508.0,0.8184638659741728,1.0756168977785623,0.9470403818763675,0.9930296978611615,1.3185123144393618,-0.3254826165782003,55
433.0,0.6065624962121454,1.283876780971134,0.9452196385916397,1.373764315015585,2.1156264375536766,-0.7418621225380917,56
161.0,0.7759829048216995,1.1046896776867439,0.9403362912542217,0.7472116666033983,1.863129322111575,-1.1159176555081767,57
412.0,0.639470098280015,1.2373241526859133,0.9383971254829642,1.6601853169035623,2.3093242858863348,-0.6491389689827725,58
224.0,0.7259330986028558,1.1442974777945505,0.9351152881987032,1.3343789877759724,1.8917477056003806,-0.5573687178244082,59
248.0,0.6318093447988696,1.2279602870197863,0.929884815909328,1.3387674213050667,2.0516540497450997,-0.712886628440033,60
241.0,0.4554226492039966,1.3937757220285465,0.9245991856162715,0.34585868407024645,1.3753323368623245,-1.029473652792078,61
355.0,0.6207100160595314,1.2188701548301246,0.919790085444828,0.7938963230818145,1.7222913561968427,-0.9283950331150282,62
337.0,0.5786339169276574,1.2395908550210597,0.9091123859743586,1.1490431497834612,1.9454190203928396,-0.7963758706093784,63
27.0,0.5874761906598952,1.2295780378122485,0.9085271142360718,1.5762209178041595,2.3787249946121802,-0.8025040768080207,64
460.0,0.6608404837696732,1.1468471716220963,0.9038438276958847,1.2885356207671237,1.7185026154005114,-0.4299669946333877,65
232.0,0.7818729147984663,1.0256710185981597,0.9037719666983131,1.301359746233462,1.691887751993983,-0.39052800576052094,66
349.0,0.7870884156676831,0.9965183760407691,0.8918033958542261,1.6239680194209685,2.1446684311680855,-0.520700411747117,67
26.0,0.7418947312987448,0.9781258881171616,0.8600103097079532,1.7387386859706238,2.291915488986052,-0.5531768030154283,68
200.0,0.7825157891785526,0.9331255351225911,0.8578206621505718,1.4701025672053505,1.4888563639404426,-0.018753796735092143,69
8.0,0.48918104049775607,1.2169612491416517,0.8530711448197039,1.352983634367204,2.0726705700590937,-0.7196869356918898,70
48.0,0.7613763776897157,0.9372920634282487,0.8493342205589822,1.125576909343849,2.011402635333096,-0.8858257259892468,71
182.0,0.5594633510897709,1.136737840237528,0.8481005956636495,1.0136911272057698,1.9940806445366037,-0.9803895173308339,72
504.0,0.46011525039275764,1.2292002963943383,0.844657773393548,1.1490431497834612,1.9555565083683872,-0.806513358584926,73
286.0,0.8098828731532224,0.8675435356432996,0.838713204398261,1.2727082716966849,1.244778572879286,0.02792969881739893,74
500.0,0.6630974458354212,1.0115007031758605,0.8372990745056408,1.5517978609429621,2.2822807350146572,-0.7304828740716951,75
475.0,0.8924064138154404,0.7811043683077545,0.8367553910615975,1.9116473403224137,2.0906378409592277,-0.178990500636814,76
235.0,0.5476531447998867,1.1081197716397828,0.8278864582198348,0.9221454763702227,1.6949545672889612,-0.7728090909187385,77
239.0,0.4143595782943025,1.2382159743808079,0.8262877763375551,1.2012963911799215,2.0310516601942505,-0.829755269014329,78
223.0,0.4640546999374776,1.1778467496427292,0.8209507247901033,1.310735362395493,2.1594854648485207,-0.8487501024530277,79
336.0,0.6235026159469982,1.0141791528173554,0.8188408843821768,1.3467159821029748,2.0813096780854825,-0.7345936959825077,80
314.0,0.7162441672877191,0.920066707652889,0.8181554374703041,1.5023232690301176,2.0710283273451346,-0.568705058315017,81
429.0,0.5322187960194741,1.0927645622966773,0.8124916791580756,1.5781244068383815,2.0798179640889463,-0.5016935572505647,82
304.0,0.7938319818870946,0.8295907988899829,0.8117113903885387,1.2920305614449579,1.1582841121755916,0.1337464492693663,83
242.0,0.6421362917342,0.9579315871806687,0.8000339394574343,1.4652125109970229,2.2670262289089207,-0.8018137179118978,84
245.0,0.6481774159109052,0.9494107561247055,0.7987940860178053,1.2338871165240182,1.49365054926154,-0.2597634327375218,85
68.0,0.38644250974860733,1.2082728711156816,0.7973576904321444,0.5409130512161059,1.5277926645491386,-0.9868796133330328,86
40.0,0.5900472390567699,0.9915831328611167,0.7908151859589433,1.1255769093438492,1.9057916325392215,-0.7802147231953722,87
196.0,0.6774730686304433,0.8917583057365697,0.7846156871835065,1.927556434572076,2.1018629015805255,-0.17430646700844954,88
287.0,0.5060757166455855,1.0462312448892082,0.7761534807673969,0.9221454763702225,1.7854074228785881,-0.8632619465083656,89
474.0,0.5996507500765351,0.949058574133087,0.7743546621048111,1.3281340172709983,2.231288937763348,-0.9031549204923497,90
230.0,0.3910944945162051,1.1481342658396567,0.7696143801779309,0.1545210723532316,1.3356477510816531,-1.1811266787284216,91
281.0,0.43940858528857685,1.0910035787441459,0.7652060820163613,0.5409130512161059,1.5928502514994647,-1.051937200283359,92
405.0,0.4673343766333338,1.048921646844255,0.7581280117387944,1.5659384161565815,2.1044836984268427,-0.5385452822702612,93
409.0,0.4648273377573513,1.04234172371357,0.7535845307354606,0.6638394473705578,1.3990418043451547,-0.7352023569745969,94
109.0,0.5132093684209761,0.993828217254983,0.7535187928379796,1.3393225402815074,1.9082203166852356,-0.5688977764037282,95
189.0,0.5297113785613342,0.9732249054418595,0.7514681420015968,1.3641810130906362,2.209428286702042,-0.8452472736114058,96
243.0,0.5233836043498029,0.9580014987993064,0.7406925515745546,1.82842258536755,2.1932070743683383,-0.3647844890007883,97
147.0,0.5210995092038544,0.9545211188308005,0.7378103140173274,1.367047891386631,1.712126739672222,-0.3450788482855909,98
204.0,0.4116972077098022,1.0592452704984745,0.7354712391041384,0.1545210723532316,1.5671842376418486,-1.412663165288617,99
35.0,0.6176917419704703,0.8480455466232538,0.732868644296862,1.9167290811977553,2.4434120435192823,-0.526682962321527,100
209.0,0.41748456294717007,1.0435609467335374,0.7305227548403537,1.2056850505366863,2.1594190197352607,-0.9537339691985744,101
49.0,0.5009307653126812,0.9309270366230683,0.7159289009678748,1.150978230601528,1.4694363539640707,-0.31845812336254276,102
260.0,0.5323837332708108,0.8940119819673387,0.7131978576190747,1.4643351356660799,2.0315280317683397,-0.5671928961022599,103
150.0,0.6125980933367998,0.7996555581026524,0.7061268257197262,1.4643351356660799,1.7814646595566115,-0.3171295238905316,104
157.0,0.5278154405683859,0.8633359910749847,0.6955757158216853,1.1255769093438492,1.9606177479047924,-0.8350408385609431,105
289.0,0.6107592454106825,0.7415833514141443,0.6761712984124134,1.784762593364533,1.894690608894591,-0.10992801553005793,106
330.0,0.5418975986480917,0.8016658117399935,0.6717817051940427,1.310735362395493,1.5620580988185202,-0.25132273642302727,107
432.0,0.4959316465762061,0.825015248156125,0.6604734473661655,1.3343789877759724,1.8727497337517407,-0.5383707459757683,108
143.0,0.4021864005602476,0.9098901248462712,0.6560382627032594,1.3281340172709986,1.8650721203027412,-0.5369381030317426,109
401.0,0.6803332817334699,0.614426588687913,0.6473799352106915,1.5016759748119615,1.911853672622856,-0.41017769781089464,110
59.0,0.3485154480558396,0.9276511910408507,0.6380833195483452,0.7331621461382439,1.7552599980040493,-1.0220978518658055,111
199.0,0.5185956830224695,0.748962262889072,0.6337789729557708,1.7648074382410859,2.164931387351274,-0.400123949110188,112
118.0,0.6507807973563543,0.6148862660759528,0.6328335317161535,1.4523907476550828,1.5460214180579726,-0.09363067040288975,113
169.0,0.6591869546623811,0.6042217499221737,0.6317043522922774,1.7367467611164185,1.8409641769850502,-0.10421741586863176,114
463.0,0.47681891117872555,0.7788422659160095,0.6278305885473675,1.481974017057179,1.9019145543400697,-0.4199405372828908,115
494.0,0.32533601269359924,0.9262397023125506,0.6257878575030749,0.9733017035745014,1.6931769790338667,-0.7198752754593652,116
506.0,0.47439277025404614,0.7622717726626949,0.6183322714583706,1.401574991140526,1.7063235443570681,-0.30474855321654215,117
300.0,0.42345664565685287,0.812744106261025,0.618100375958939,1.657005679285103,2.002140816133499,-0.3451351368483959,118
233.0,0.43774341088463864,0.7943606100483396,0.616052010466489,1.6238703248484525,2.2657822368051117,-0.6419119119566592,119
374.0,0.40643307864654965,0.816307083130992,0.6113700808887708,0.5631727663834927,1.1438113903302596,-0.5806386239467669,120
386.0,0.49487962593650525,0.7277618725360053,0.6113207492362553,1.479577401308644,1.8761468797009784,-0.39656947839233436,121
388.0,0.5625089801618852,0.6529479846782402,0.6077284824200627,1.201849833448905,1.385699522566691,-0.1838496891177861,122
472.0,0.4151244921749341,0.7741577308922063,0.5946411115335701,0.5409130512161059,1.3412933350712193,-0.8003802838551134,123
496.0,0.433951740351452,0.7286315907414819,0.5812916655464669,0.9221454763702227,1.594484699992967,-0.6723392236227442,124
296.0,0.41792309456238963,0.7408284824893635,0.5793757885258766,0.5409130512161059,1.358161827315576,-0.8172487760994701,125
103.0,0.5133329382466947,0.642171324841167,0.5777521315439309,1.1509782306015284,1.6383750229953515,-0.48739679239382316,126
503.0,0.2980214340515196,0.8498703608081473,0.5739458974298335,0.3603976363054937,1.121031435217562,-0.7606337989120684,127
501.0,0.5194002517158773,0.6277711763908315,0.5735857140533545,0.9803993338744701,1.1111370016333262,-0.1307376677588561,128
261.0,0.550180904590529,0.5858754515146247,0.5680281780525769,0.7331621461382439,1.2188974782387911,-0.4857353321005472,129
165.0,0.35601078594721147,0.7796088323925775,0.5678098091698944,1.4759573179467802,2.1710353465614993,-0.6950780286147191,130
149.0,0.5534540106250786,0.5591698469905804,0.5563119288078295,1.433754649794679,1.1324717909781779,0.3012828588165011,131
191.0,0.2686726512830202,0.8239707772294743,0.5463217142562473,1.4641411649517357,1.9533289863106964,-0.48918782135896066,132
306.0,0.4205155282011215,0.6719549393124231,0.5462352337567723,1.2198238100908294,1.847889640639559,-0.6280658305487297,133
495.0,0.37606906101196735,0.7039718600984481,0.5400204605552077,0.7331621461382439,1.0974577490011965,-0.3642956028629526,134
425.0,0.4730814959105466,0.5823037592493413,0.527692627579944,0.9042582510494472,1.055885795232526,-0.15162754418307878,135
184.0,0.5718752498834647,0.4571522870496427,0.5145137684665537,0.8530080553772739,0.8170597295668155,0.03594832581045837,136
393.0,0.39327752392980736,0.6341072054996182,0.5136923647147128,0.9803993338744701,1.2785632236369615,-0.2981638897624914,137
456.0,0.4358284027243153,0.5900909992803938,0.5129597010023546,0.7799015813607889,0.9968665116134848,-0.21696493025269592,138
72.0,0.4442325477799799,0.581543151979232,0.5128878498796059,1.2593946242593248,1.744241033287936,-0.4848464090286111,139
194.0,0.3801177521359095,0.6427204505498886,0.511419101342899,1.1220013343859387,1.8060268905202617,-0.6840255561343229,140
406.0,0.33515626445129537,0.6875155289156044,0.5113358966834499,1.4643351356660794,1.9113256398234322,-0.44699050415735275,141
51.0,0.24739625064751947,0.760490942554517,0.5039435966010182,0.6638394473705579,1.4437996210156474,-0.7799601736450895,142
283.0,0.31755306586642723,0.6884763738570193,0.5030147198617233,0.6638394473705579,1.3978971034754557,-0.7340576561048978,143
66.0,0.38074066118181704,0.620157281117501,0.500448971149659,1.3131821733180007,1.6275119387080568,-0.3143297653900561,144
387.0,0.35042833364216736,0.6500815017099035,0.5002549176760355,1.6513027697275025,2.1632197856368656,-0.5119170159093631,145
408.0,0.3020120294653796,0.695757450968218,0.49888474021679874,1.3525420724709665,1.7698613548100937,-0.4173192823391272,146
302.0,0.6100912627030955,0.38748272245353593,0.4987869925783157,1.4015023590465538,1.2435040663390726,0.15799829270748122,147
259.0,0.2492999750915621,0.7384823576846575,0.4938911663881098,0.9221454763702224,1.6255175915141522,-0.7033721151439298,148
246.0,0.3474472150665337,0.6328777433931739,0.4901624792298538,1.5016759748119615,2.028173220876984,-0.5264972460650226,149
482.0,0.433163912845153,0.5427809813607091,0.48797244710293103,2.051872095458029,1.975160792888619,0.07671130256940994,150
124.0,0.48496363445042673,0.471248821066827,0.4781062277586269,1.0627356809513586,1.3186438397357503,-0.25590815878439166,151
32.0,0.3751955913009443,0.5753139859164738,0.47525478860870907,1.439095100777237,1.7260283963348098,-0.28693329555757274,152
277.0,0.36439452880719914,0.5768679669736392,0.47063124789041916,0.930374470416544,1.317842286335258,-0.38746781591871393,153
481.0,0.42146897503006203,0.5065386441758387,0.4640038096029504,0.9221454763702227,1.3789094017628925,-0.45676392539266975,154
62.0,0.2823514903415285,0.6397014284689484,0.46102645940523845,1.203914539718762,1.925052965535203,-0.721138425816441,155
171.0,0.39838660167124795,0.5172023611831086,0.45779448142717827,1.6222899024824904,1.9118525087502405,-0.2895626062677501,156
46.0,0.25577230221930375,0.6598131737289334,0.45779273797411857,0.7586687557079925,1.6632220052420201,-0.9045532495340276,157
55.0,0.3748165094152048,0.5363652689094189,0.45559088916231183,1.6489058336906506,2.0202134180966147,-0.3713075844059641,158
421.0,0.4584250753935654,0.4362132442914176,0.4473191598424915,1.0037681638340046,1.3159500638023958,-0.3121818999683912,159
141.0,0.4684525263043,0.42080603034196074,0.4446292783231304,1.1220013343859387,1.0274192059284661,0.0945821284574726,160
163.0,0.43226190473121645,0.45072582952455853,0.4414938671278875,0.7528287234070203,0.9278680535102665,-0.17503933010324613,161
193.0,0.5275507169278835,0.35323148691764966,0.44039110192276654,0.9689649954730444,1.2343087772327508,-0.2653437817597064,162
275.0,0.29049840009108024,0.5837302013947652,0.4371143007429227,0.8318561616513589,1.3667314212132955,-0.5348752595619366,163
249.0,0.2941797617958116,0.5733106258592213,0.4337451938275165,1.4133854475747072,1.9365751144685366,-0.5231896668938294,164
467.0,0.45440370144388353,0.4118474540137808,0.4331255777288322,1.5327462564536098,1.4451785906852421,0.08756766576836772,165
139.0,0.39606182589164757,0.46490809875170014,0.4304849623216739,0.8530080553772739,0.9679246278284185,-0.11491657245114462,166
195.0,0.3519447757046391,0.5075944448022877,0.4297696102534634,1.01369112720577,1.2746286901863235,-0.2609375629805535,167
252.0,0.3535006438504942,0.5060333326173757,0.42976698823393494,1.0136911272057698,1.252938272290576,-0.23924714508480616,168
278.0,0.3560067598720759,0.5012431952590641,0.42862497756557005,1.407429074064981,1.9544524871889424,-0.5470234131239613,169
53.0,0.23822598424056624,0.6175944818994231,0.42791023306999465,0.34585868407024645,1.0744285716414572,-0.7285698875712108,170
477.0,0.49876950213720206,0.3516510796544141,0.4252102908958081,1.4759573179467802,1.5466898030432121,-0.07073248509643193,171
120.0,0.4028535103960209,0.43816948266294814,0.4205114965294845,1.481974017057179,1.4527977351148564,0.02917628194232247,172
478.0,0.4161212017009937,0.41812470879984726,0.4171229552504205,1.9167290811977553,1.8271453430329276,0.08958373816482768,173
276.0,0.39218657276214663,0.43407360328796885,0.41313008802505774,0.8530080553772738,1.156692562177866,-0.30368450680059234,174
498.0,0.262669200368396,0.556981885590481,0.4098255429794385,0.5631727663834927,1.3473123483203426,-0.78413958193685,175
462.0,0.42012043460614124,0.39082154053938184,0.40547098757276157,0.9437419437894383,0.8582962043677081,0.08544573942173017,176
250.0,0.3340597664863603,0.45307146911249874,0.39356561779942956,1.2338871165240182,1.7062349447982441,-0.47234782827422594,177
106.0,0.4097766943447796,0.37014636262132306,0.3899615284830513,1.0656498480600303,1.0417610475850254,0.023888800475004857,178
111.0,0.3369979633328146,0.4366985430890481,0.38684825321093136,1.1650553245900437,1.6152774053001386,-0.45022208071009495,179
198.0,0.36870348265620606,0.3955603038549115,0.38213189325555874,1.4643351356660799,1.6390622860473563,-0.1747271503812764,180
172.0,0.35627136480726934,0.40705991454407436,0.38166563967567185,1.1255769093438492,1.790044328643229,-0.6644674192993798,181
370.0,0.30409792182751183,0.44979476355194004,0.37694634268972593,0.7625033244070982,1.096048035726266,-0.33354471131916785,182
411.0,0.3744540244868985,0.37806135233499644,0.3762576884109475,1.2955432919269017,1.47893730601959,-0.1833940140926884,183
13.0,0.29154398528635755,0.4431595699735522,0.36735177762995486,0.5631727663834927,0.9677396868881543,-0.4045669205046616,184
273.0,0.2748977374741549,0.4361463217068534,0.35552202959050416,1.7165368032294706,1.7463072482060626,-0.029770444976592092,185
297.0,0.3651146754472119,0.3420902559580742,0.35360246570264303,0.7586687557079924,0.9217317785353141,-0.16306302282732166,186
303.0,0.1902621253121695,0.5148521136239154,0.3525571194680424,1.0717821039101494,1.630323782515659,-0.5585416786055095,187
148.0,0.35912038396340906,0.33776363885928395,0.3484420114113465,1.5804147358857699,1.3407628324899308,0.23965190339583908,188
292.0,0.342389449206872,0.35321431526441177,0.3478018822356419,1.2985672984880678,1.5384376367481254,-0.23987033826005755,189
185.0,0.43622348865036986,0.2548529444489491,0.3455382165496595,0.7331621461382439,0.44580281251524345,0.2873593336230005,190
499.0,0.20802472519707965,0.47697716857110956,0.3425009468840946,0.5631727663834927,1.37017953218911,-0.8070067658056173,191
50.0,0.27127360235932574,0.4076207552369748,0.33944717879815023,0.8318561616513589,1.1024141970665067,-0.2705580354151478,192
490.0,0.2809992335000696,0.38659669202042835,0.333797962760249,1.2743572017277058,1.8345900281090386,-0.5602328263813328,193
423.0,0.16662795968349206,0.4932179165214812,0.32992293810248663,0.6672704831592059,1.153589223351907,-0.48631874019270105,194
154.0,0.2968674034611073,0.3503614596462965,0.3236144315537019,1.0566389309322477,1.4528200001573264,-0.3961810692250787,195
10.0,0.2736769672414511,0.3668086559592704,0.3202428116003607,0.8846893563261954,1.0447303886227683,-0.16004103229657296,196
192.0,0.23362777636323068,0.38967923208239863,0.3116535042228147,0.8846893563261955,1.5336781106201554,-0.6489887542939599,197
39.0,0.2345388665632572,0.373372910719153,0.3039558886412051,1.2593946242593246,1.6497986402412161,-0.39040401598189156,198
488.0,0.2562408539983979,0.3430037508785607,0.2996223024384793,1.1563454418485952,1.233906111962857,-0.07756067011426171,199
28.0,0.24473481397458274,0.3412128264433098,0.29297382020894625,1.4331067209743473,1.742334149991641,-0.3092274290172936,200
197.0,0.15910009418177534,0.3988074387080033,0.27895376644488934,0.5409130512161059,0.81107287913291,-0.27015982791680415,201
267.0,0.21243000960101344,0.3378537076334242,0.27514185861721885,1.150978230601528,1.5250950372313203,-0.3741168066297924,202
466.0,0.2852197768990393,0.24006279059496405,0.2626412837470017,0.5695001477012767,0.4291591367825469,0.14034101091872975,203
428.0,0.15590010385454306,0.3614335196141606,0.2586668117343518,0.3603976363054939,0.9933070556247202,-0.6329094193192264,204
58.0,0.13829759544126555,0.3750306255140364,0.256664110477651,0.14749561795034005,0.7753182994854285,-0.6278226815350885,205
489.0,0.23226688181056498,0.27536630936319606,0.2538165955868805,1.1638611434555826,1.4156502820850536,-0.25178913862947105,206
102.0,0.12036547667455544,0.38500997811698684,0.25268772739577117,0.47140187294359415,0.7995488227891395,-0.3281469498455454,207
258.0,0.17537707870874528,0.3130891492350931,0.2442331139719192,1.1255769093438492,1.4665085160858304,-0.3409316067419812,208
176.0,0.1888015780196678,0.29827129007115105,0.24353643404540942,1.407429074064981,1.5383967182895533,-0.1309676442245722,209
170.0,0.11114745342860635,0.3675375260030505,0.23934248971582844,0.14749561795034005,0.5647640291750845,-0.41726841122474445,210
104.0,0.20342358808810446,0.26631010419923756,0.234866846143671,1.338767421305066,1.547488879588851,-0.20872145828378508,211
237.0,0.22779919041035665,0.24164267942140655,0.23472093491588158,0.540913051216106,0.6350963876114959,-0.0941833363953899,212
30.0,0.215549221278663,0.2414154480756856,0.2284823346771743,1.3290299577499614,1.2014681094870514,0.12756184826290995,213
257.0,0.18902239595939202,0.266433666443911,0.2277280312016515,1.125576909343849,1.332320720697738,-0.20674381135388908,214
263.0,0.1298103843164603,0.32298025671739816,0.22639532051692923,1.203914539718762,1.6063424603706646,-0.4024279206519026,215
298.0,0.15540521473461752,0.2925119108615389,0.2239585627980782,0.6638394473705579,0.9438093447184281,-0.27996989734787026,216
465.0,0.23902958556396847,0.1985811064238864,0.21880534599392742,0.540913051216106,0.7340553352855926,-0.19314228406948664,217
469.0,0.2224170110900088,0.20976488776915148,0.21609094942958013,1.5249099392600756,1.4141641926290125,0.11074574663106307,218
173.0,0.2568376432665592,0.16537403973581868,0.21110584150118894,1.4974321647124427,1.3134653552070275,0.18396680950541522,219
164.0,0.1789262994944407,0.24084281778284863,0.20988455863864466,0.9221454763702225,1.2702666508523193,-0.3481211744820968,220
254.0,0.146997054499106,0.2675541063284645,0.20727558041378524,1.4201865025090001,1.661286130310584,-0.24109962780158378,221
145.0,0.18149480331863774,0.21748103239832184,0.1994879178584798,1.1509782306015288,1.1889591473019658,-0.03798091670043702,222
464.0,0.11135625181050891,0.2827039526738354,0.19703010224217216,0.6638394473705578,1.1886681831033943,-0.5248287357328365,223
152.0,0.10302664000334173,0.2909256048159125,0.1969761224096271,0.34585868407024656,0.8077890107902069,-0.46193032671996037,224
174.0,0.11827100272084538,0.2654874797971585,0.19187924125900194,0.6466732816266406,0.9739263989530418,-0.32725311732640117,225
294.0,0.09422169629624871,0.28844267847692545,0.19133218738658708,1.2232557728883569,1.4915363223988283,-0.2682805495104714,226
76.0,0.1946328767466492,0.18541369548225137,0.1900232861144503,0.7586687557079924,0.5614372103987889,0.1972315453092035,227
234.0,0.1399270196636004,0.2364734707967567,0.18820024523017856,1.0379888445364187,1.3279539460230125,-0.2899651014865938,228
56.0,0.12106366190677201,0.22896560875868274,0.17501463533272738,0.5409130512161059,0.9244323827366935,-0.3835193315205876,229
151.0,0.2022971624526276,0.14434424127713316,0.17332070186488038,0.540913051216106,0.5562689905319121,-0.015355939315806144,230
299.0,0.20589590062704927,0.11717147076952528,0.16153368569828727,0.5409130512161059,0.577338541528801,-0.03642549031269515,231
190.0,0.1956689248346438,0.12648947269824357,0.16107919876644367,0.8882367239697652,0.8815398067599474,0.006696917209817799,232
119.0,0.1428521933391571,0.178728648553431,0.16079042094629406,1.0379888445364185,0.8022735555605549,0.23571528897586358,233
16.0,0.14367684767054795,0.16365039584981372,0.15366362176018084,1.3467159821029748,1.2096893279793612,0.1370266541236136,234
168.0,0.09302189784047016,0.20590940774768218,0.14946565279407617,0.47140187294359415,0.8740903094816621,-0.40268843653806796,235
280.0,0.17888765740063595,0.09801617839952216,0.13845191790007905,0.34585868407024645,0.28522487181003736,0.060633812260209086,236
236.0,0.16966654214285054,0.07274629170504152,0.12120641692394603,0.34585868407024645,0.21431049863959994,0.1315481854306465,237
265.0,0.1073176166681648,0.13501384579213363,0.12116573123014922,0.8530080553772739,1.2880000104568035,-0.4349919550795296,238
279.0,0.1686688804359019,0.07356733803651497,0.12111810923620843,0.34585868407024645,0.21893378495378285,0.1269248991164636,239
255.0,0.07348578560811278,0.16660632081740195,0.12004605321275737,1.2297989184971954,1.384698363703755,-0.15489944520655974,240
70.0,0.0888860258203076,0.150118277579498,0.1195021516999028,1.1703652143425844,1.2785679665434255,-0.10820275220084108,241
117.0,0.17250267604330294,0.059490376249741905,0.11599652614652242,0.540913051216106,0.2615146419596715,0.2793984092564345,242
131.0,0.06595117090276502,0.15848663458791534,0.11221890274534019,0.14749561795034005,0.5166820296852457,-0.36918641173490563,243
256.0,0.06493105194136936,0.15861682686535533,0.11177393940336235,0.34585868407024645,0.5414709609702555,-0.19561227690000904,244
419.0,0.16062125084451204,0.049476169892838096,0.10504871036867507,0.34585868407024645,0.14749561795034005,0.1983630661199064,245
74.0,0.15926016718832803,0.049353808754228276,0.10430698797127816,0.34585868407024645,0.15085538148262942,0.19500330258761703,246
251.0,0.07488815479394542,0.1293298759868187,0.10210901539038206,0.34585868407024645,0.4530997783180841,-0.10724109424783768,247
60.0,0.09437258192342331,0.10491308721939172,0.09964283457140752,1.2267719472237142,1.2861925783109855,-0.05942063108727136,248
430.0,0.10475956305862266,0.08397212796042486,0.09436584550952376,1.3343789877759724,1.2437052772852193,0.09067371049075312,249
57.0,0.04350640801984858,0.10282257619323859,0.07316449210654358,0.34585868407024645,0.6121750829736455,-0.2663163989033991,250
502.0,0.034677738626139945,0.10334149789028566,0.06900961825821281,0.1545210723532316,0.3044848256243084,-0.1499637532710768,251
167.0,0.03314184785594937,0.08586140160803707,0.05950162473199322,0.14749561795034005,0.3254077167363346,-0.17791209878599457,252
413.0,0.05593172287137553,0.05159478556208685,0.05376325421673119,0.7331621461382439,0.6987497980957331,0.03441234804251081,253
116.0,0.042105509436868443,0.04496585937089378,0.043535684403881114,0.34585868407024645,0.2821070682198146,0.06375161585043182,254
301.0,0.032044666551815634,0.04836086607476997,0.0402027663132928,0.5695001477012764,0.7489882645228669,-0.1794881168215905,255
420.0,0.020497876762583384,0.031684024087700276,0.02609095042514183,0.34585868407024645,0.3254077167363346,0.02045096733391183,256
105.0,0.010577979463606465,0.02449093363796613,0.0175344565507863,0.14749561795034005,0.2165033018056194,-0.06900768385527936,257
107.0,0.010577979463606465,0.02449093363796613,0.0175344565507863,0.14749561795034005,0.2165033018056194,-0.06900768385527936,258
491.0,2.8012011094307292e-05,2.7527740917739937e-05,2.7769876006023615e-05,0.1545210723532316,0.14749561795034005,0.00702545440289154,259
493.0,2.8012011094307292e-05,2.7527740917739937e-05,2.7769876006023615e-05,0.1545210723532316,0.14749561795034005,0.00702545440289154,260
492.0,2.8012011094307292e-05,2.7527740917739937e-05,2.7769876006023615e-05,0.1545210723532316,0.14749561795034005,0.00702545440289154,261
424.0,2.8012011094307292e-05,2.7527740917739937e-05,2.7769876006023615e-05,0.1545210723532316,0.14749561795034005,0.00702545440289154,262
422.0,2.8012011094307292e-05,2.7527740917739937e-05,2.7769876006023615e-05,0.1545210723532316,0.14749561795034005,0.00702545440289154,263
497.0,1.5684489909698435e-06,1.5750408420913066e-06,1.571744916530575e-06,0.14749561795034005,0.14915541568291787,-0.0016597977325778224,264
153.0,0.0,0.0,0.0,0.14749561795034005,0.14749561795034005,0.0,265
155.0,0.0,0.0,0.0,0.14749561795034005,0.14749561795034005,0.0,266
253.0,0.0,0.0,0.0,0.14749561795034005,0.14749561795034005,0.0,267
