PDB_resnum	PSSM_row	A	R	N	D	C	Q	E	G	H	I	L	K	M	F	P	S	T	W	Y	V
2	2	0.053	0.000	0.105	0.000	0.000	0.000	0.105	0.000	0.000	0.000	0.000	0.158	0.000	0.000	0.053	0.000	0.316	0.000	0.000	0.105
3	3	0.000	0.000	0.000	0.000	0.000	0.053	0.000	0.000	0.000	0.000	0.737	0.000	0.053	0.053	0.000	0.000	0.000	0.000	0.000	0.000
4	4	0.105	0.053	0.000	0.000	0.000	0.000	0.632	0.000	0.000	0.000	0.000	0.000	0.000	0.000	0.000	0.000	0.105	0.000	0.000	0.000
5	5	0.158	0.000	0.000	0.053	0.000	0.000	0.000	0.000	0.000	0.000	0.000	0.579	0.000	0.000	0.105	0.000	0.053	0.000	0.000	0.000
7	7	0.211	0.053	0.000	0.000	0.000	0.000	0.000	0.053	0.000	0.000	0.000	0.000	0.000	0.000	0.000	0.053	0.053	0.000	0.000	0.526
9	9	0.316	0.053	0.000	0.000	0.000	0.053	0.158	0.000	0.000	0.000	0.000	0.053	0.000	0.000	0.211	0.053	0.053	0.000	0.000	0.000
11	11	0.105	0.000	0.000	0.000	0.000	0.000	0.000	0.000	0.000	0.000	0.000	0.000	0.000	0.000	0.789	0.000	0.053	0.000	0.000	0.000
12	12	0.053	0.000	0.000	0.000	0.000	0.000	0.053	0.000	0.000	0.632	0.000	0.000	0.000	0.000	0.000	0.000	0.000	0.000	0.000	0.211
14	14	0.000	0.053	0.000	0.263	0.000	0.053	0.211	0.000	0.000	0.000	0.000	0.158	0.000	0.000	0.158	0.053	0.000	0.000	0.000	0.000
15	15	0.000	0.000	0.000	0.000	0.000	0.000	0.000	0.000	0.000	0.053	0.105	0.000	0.000	0.000	0.000	0.000	0.368	0.000	0.000	0.421
17	17	0.000	0.158	0.000	0.000	0.000	0.053	0.158	0.105	0.000	0.000	0.000	0.368	0.000	0.000	0.053	0.000	0.053	0.000	0.000	0.000
18	18	0.053	0.000	0.000	0.000	0.000	0.000	0.000	0.000	0.000	0.000	0.000	0.000	0.000	0.000	0.789	0.053	0.053	0.000	0.000	0.000
19	19	0.053	0.000	0.000	0.158	0.000	0.158	0.053	0.000	0.053	0.000	0.000	0.000	0.000	0.000	0.053	0.000	0.000	0.000	0.000	0.368
20	20	0.053	0.000	0.000	0.000	0.000	0.263	0.000	0.053	0.000	0.000	0.000	0.158	0.000	0.053	0.000	0.211	0.000	0.000	0.053	0.000
21	21	0.000	0.000	0.053	0.053	0.000	0.316	0.000	0.000	0.000	0.000	0.000	0.263	0.000	0.000	0.000	0.000	0.105	0.000	0.000	0.053
22	22	0.000	0.053	0.158	0.000	0.000	0.000	0.000	0.000	0.000	0.000	0.000	0.000	0.000	0.000	0.053	0.368	0.053	0.000	0.000	0.000
23	23	0.000	0.000	0.158	0.263	0.000	0.000	0.000	0.053	0.000	0.000	0.105	0.316	0.000	0.000	0.105	0.000	0.000	0.000	0.000	0.000
24	24	0.105	0.053	0.000	0.158	0.000	0.000	0.211	0.263	0.000	0.000	0.000	0.053	0.000	0.000	0.000	0.053	0.000	0.000	0.000	0.105
25	25	0.053	0.053	0.000	0.053	0.000	0.105	0.053	0.000	0.000	0.000	0.158	0.211	0.105	0.000	0.000	0.158	0.000	0.000	0.000	0.053
29	29	0.000	0.000	0.000	0.000	0.000	0.053	0.789	0.000	0.053	0.000	0.000	0.053	0.000	0.000	0.000	0.000	0.053	0.000	0.000	0.000
33	33	0.053	0.105	0.000	0.000	0.000	0.053	0.421	0.105	0.000	0.000	0.000	0.158	0.000	0.000	0.000	0.000	0.105	0.000	0.000	0.000
34	34	0.053	0.000	0.000	0.000	0.000	0.000	0.632	0.000	0.000	0.000	0.000	0.000	0.000	0.000	0.263	0.000	0.000	0.000	0.053	0.000
36	36	0.053	0.000	0.053	0.000	0.000	0.211	0.053	0.000	0.000	0.000	0.053	0.000	0.000	0.158	0.053	0.053	0.158	0.105	0.053	0.000
37	37	0.105	0.105	0.000	0.000	0.000	0.158	0.000	0.000	0.316	0.000	0.158	0.000	0.000	0.000	0.000	0.053	0.000	0.000	0.000	0.105
38	38	0.053	0.105	0.053	0.053	0.000	0.368	0.053	0.000	0.000	0.000	0.000	0.263	0.000	0.000	0.000	0.000	0.053	0.000	0.000	0.000
41	41	0.000	0.526	0.000	0.000	0.000	0.000	0.053	0.211	0.000	0.000	0.000	0.000	0.000	0.000	0.211	0.000	0.000	0.000	0.000	0.000
42	42	0.000	0.053	0.000	0.579	0.053	0.158	0.053	0.053	0.000	0.000	0.000	0.053	0.000	0.000	0.000	0.000	0.000	0.000	0.000	0.000
44	44	0.000	0.000	0.000	0.000	0.000	0.000	0.000	0.000	0.000	0.000	0.000	0.000	0.000	0.000	0.737	0.000	0.000	0.000	0.000	0.000
45	45	0.053	0.053	0.053	0.000	0.000	0.000	0.053	0.000	0.000	0.000	0.000	0.000	0.000	0.000	0.632	0.000	0.158	0.000	0.000	0.000
47	47	0.000	0.474	0.000	0.000	0.000	0.000	0.000	0.000	0.000	0.000	0.105	0.105	0.000	0.000	0.105	0.000	0.158	0.053	0.000	0.000
52	52	0.000	0.000	0.737	0.105	0.000	0.000	0.000	0.105	0.000	0.000	0.000	0.053	0.000	0.000	0.000	0.000	0.000	0.000	0.000	0.000
54	54	0.053	0.000	0.053	0.000	0.000	0.158	0.000	0.053	0.000	0.000	0.263	0.000	0.000	0.000	0.000	0.316	0.000	0.000	0.000	0.105
61	61	0.000	0.158	0.000	0.053	0.000	0.053	0.526	0.000	0.000	0.000	0.000	0.211	0.000	0.000	0.000	0.000	0.000	0.000	0.000	0.000
63	63	0.000	0.263	0.211	0.053	0.000	0.158	0.000	0.000	0.000	0.000	0.000	0.263	0.000	0.000	0.000	0.000	0.000	0.000	0.000	0.053
64	64	0.053	0.526	0.000	0.000	0.000	0.105	0.105	0.000	0.000	0.000	0.000	0.105	0.000	0.000	0.105	0.000	0.000	0.000	0.000	0.000
65	65	0.000	0.053	0.368	0.053	0.000	0.000	0.000	0.421	0.105	0.000	0.000	0.000	0.000	0.000	0.000	0.000	0.000	0.000	0.000	0.000
67	67	0.053	0.158	0.316	0.000	0.000	0.000	0.000	0.000	0.000	0.053	0.000	0.211	0.000	0.000	0.053	0.000	0.105	0.000	0.000	0.053
69	69	0.105	0.263	0.000	0.105	0.000	0.000	0.000	0.000	0.053	0.000	0.000	0.105	0.000	0.000	0.000	0.000	0.053	0.000	0.316	0.000
71	71	0.105	0.158	0.000	0.053	0.000	0.000	0.000	0.000	0.000	0.000	0.000	0.526	0.000	0.105	0.000	0.000	0.053	0.000	0.000	0.000
73	73	0.000	0.053	0.000	0.053	0.000	0.053	0.105	0.000	0.000	0.000	0.105	0.000	0.421	0.000	0.000	0.000	0.158	0.000	0.053	0.000
75	75	0.000	0.211	0.211	0.053	0.000	0.105	0.000	0.000	0.053	0.000	0.000	0.263	0.000	0.000	0.000	0.053	0.053	0.000	0.000	0.000
77	77	0.000	0.000	0.000	0.000	0.000	0.000	0.053	0.053	0.000	0.000	0.000	0.000	0.000	0.000	0.842	0.000	0.053	0.000	0.000	0.000
78	78	0.000	0.053	0.000	0.211	0.000	0.000	0.211	0.000	0.000	0.000	0.105	0.105	0.000	0.000	0.000	0.316	0.000	0.000	0.000	0.000
79	79	0.000	0.053	0.000	0.053	0.053	0.000	0.158	0.105	0.158	0.000	0.000	0.158	0.000	0.000	0.053	0.000	0.211	0.000	0.000	0.000
81	81	0.053	0.000	0.000	0.000	0.000	0.000	0.105	0.000	0.000	0.000	0.105	0.000	0.000	0.474	0.000	0.000	0.000	0.000	0.000	0.000
83	83	0.000	0.000	0.000	0.000	0.000	0.000	0.000	0.000	0.000	0.000	0.000	0.000	0.000	0.000	0.789	0.000	0.000	0.000	0.000	0.000
86	86	0.053	0.000	0.000	0.053	0.000	0.000	0.000	0.000	0.579	0.000	0.000	0.000	0.000	0.000	0.000	0.053	0.000	0.000	0.000	0.000
87	87	0.000	0.053	0.000	0.000	0.000	0.000	0.000	0.000	0.053	0.000	0.000	0.000	0.000	0.000	0.000	0.053	0.474	0.000	0.000	0.105
89	89	0.000	0.000	0.000	0.000	0.000	0.000	0.000	0.053	0.579	0.000	0.000	0.000	0.000	0.000	0.000	0.000	0.000	0.000	0.000	0.105
97	94	0.053	0.000	0.000	0.105	0.000	0.053	0.211	0.000	0.105	0.000	0.000	0.000	0.000	0.000	0.158	0.053	0.000	0.000	0.000	0.000
99	97	0.000	0.000	0.000	0.053	0.000	0.000	0.526	0.000	0.000	0.000	0.053	0.000	0.000	0.000	0.000	0.053	0.053	0.000	0.000	0.000
108	106	0.000	0.000	0.000	0.000	0.000	0.000	0.000	1.000	0.000	0.000	0.000	0.000	0.000	0.000	0.000	0.000	0.000	0.000	0.000	0.000
112	110	0.000	0.000	0.000	0.105	0.000	0.000	0.000	0.105	0.000	0.000	0.000	0.000	0.000	0.000	0.684	0.105	0.000	0.000	0.000	0.000
113	111	0.263	0.000	0.053	0.158	0.000	0.000	0.053	0.158	0.000	0.000	0.000	0.000	0.000	0.000	0.263	0.053	0.000	0.000	0.000	0.000
114	112	0.105	0.000	0.053	0.421	0.000	0.000	0.053	0.158	0.000	0.000	0.000	0.053	0.000	0.000	0.000	0.158	0.000	0.000	0.000	0.000
125	123	0.000	0.158	0.053	0.000	0.000	0.000	0.000	0.000	0.000	0.000	0.000	0.368	0.000	0.000	0.105	0.000	0.000	0.000	0.000	0.000
126	124	0.000	0.000	0.000	0.579	0.000	0.000	0.000	0.105	0.053	0.000	0.000	0.000	0.000	0.000	0.000	0.000	0.000	0.000	0.000	0.000
128	126	0.000	0.000	0.105	0.000	0.000	0.053	0.368	0.053	0.053	0.211	0.000	0.053	0.000	0.000	0.000	0.000	0.000	0.000	0.000	0.053
129	127	0.263	0.000	0.000	0.000	0.000	0.316	0.105	0.053	0.000	0.000	0.000	0.000	0.000	0.000	0.158	0.000	0.000	0.000	0.000	0.105
130	128	0.053	0.000	0.000	0.000	0.000	0.000	0.053	0.000	0.000	0.000	0.000	0.158	0.000	0.000	0.211	0.000	0.368	0.000	0.000	0.158
132	130	0.000	0.053	0.000	0.000	0.000	0.000	0.105	0.105	0.000	0.000	0.000	0.053	0.000	0.000	0.474	0.053	0.000	0.000	0.053	0.000
133	131	0.053	0.053	0.000	0.000	0.000	0.000	0.053	0.000	0.000	0.000	0.000	0.053	0.000	0.263	0.000	0.053	0.105	0.000	0.368	0.000
134	132	0.000	0.053	0.000	0.000	0.000	0.000	0.000	0.105	0.000	0.000	0.000	0.000	0.000	0.737	0.000	0.000	0.000	0.053	0.053	0.000
135	133	0.000	0.000	0.000	0.211	0.000	0.000	0.316	0.000	0.053	0.000	0.000	0.263	0.000	0.000	0.000	0.053	0.053	0.000	0.000	0.053
136	134	0.105	0.474	0.000	0.000	0.000	0.000	0.000	0.000	0.000	0.000	0.000	0.053	0.000	0.000	0.000	0.053	0.000	0.000	0.000	0.000
137	135	0.053	0.000	0.000	0.000	0.000	0.158	0.474	0.000	0.000	0.000	0.000	0.000	0.000	0.000	0.000	0.000	0.000	0.000	0.000	0.000
138	136	0.000	0.000	0.000	0.000	0.000	0.000	0.000	0.000	0.000	0.105	0.105	0.000	0.000	0.000	0.000	0.000	0.000	0.053	0.000	0.421
140	138	0.000	0.000	0.000	0.000	0.000	0.000	0.526	0.000	0.368	0.000	0.000	0.000	0.000	0.000	0.000	0.053	0.053	0.000	0.000	0.000
144	142	0.000	0.000	0.000	0.158	0.000	0.263	0.158	0.000	0.105	0.000	0.000	0.105	0.000	0.000	0.158	0.000	0.000	0.000	0.000	0.053
146	144	0.000	0.316	0.000	0.158	0.000	0.211	0.053	0.053	0.000	0.000	0.000	0.000	0.000	0.000	0.053	0.000	0.000	0.000	0.000	0.000
175	173	0.000	0.263	0.000	0.053	0.000	0.000	0.211	0.000	0.316	0.000	0.000	0.000	0.000	0.000	0.000	0.105	0.053	0.000	0.000	0.000
177	175	0.105	0.158	0.000	0.211	0.000	0.000	0.000	0.053	0.000	0.000	0.000	0.053	0.000	0.000	0.263	0.053	0.000	0.000	0.000	0.000
178	176	0.053	0.000	0.000	0.105	0.000	0.000	0.263	0.000	0.000	0.000	0.053	0.316	0.000	0.105	0.000	0.000	0.000	0.000	0.000	0.000
179	177	0.000	0.000	0.000	0.053	0.000	0.000	0.684	0.000	0.000	0.053	0.000	0.000	0.000	0.000	0.053	0.000	0.000	0.000	0.000	0.000
180	178	0.158	0.158	0.000	0.105	0.000	0.000	0.000	0.000	0.000	0.000	0.053	0.421	0.000	0.000	0.000	0.000	0.000	0.000	0.000	0.000
181	179	0.105	0.263	0.000	0.000	0.000	0.053	0.105	0.000	0.000	0.053	0.000	0.105	0.000	0.000	0.000	0.211	0.000	0.000	0.000	0.000
183	181	0.105	0.000	0.105	0.000	0.000	0.105	0.158	0.053	0.053	0.000	0.000	0.316	0.053	0.000	0.000	0.000	0.053	0.000	0.000	0.000
186	184	0.053	0.000	0.000	0.053	0.053	0.053	0.053	0.000	0.053	0.000	0.000	0.263	0.000	0.000	0.053	0.368	0.000	0.000	0.000	0.000
187	185	0.053	0.000	0.000	0.211	0.000	0.000	0.000	0.579	0.053	0.000	0.000	0.000	0.000	0.000	0.000	0.000	0.000	0.000	0.000	0.105
188	186	0.000	0.000	0.000	0.211	0.000	0.000	0.632	0.000	0.000	0.053	0.000	0.105	0.000	0.000	0.000	0.000	0.000	0.000	0.000	0.000
201	199	0.000	0.000	0.368	0.211	0.000	0.158	0.000	0.000	0.105	0.000	0.000	0.000	0.053	0.000	0.000	0.053	0.053	0.000	0.000	0.000
202	200	0.053	0.000	0.000	0.158	0.053	0.000	0.526	0.053	0.000	0.000	0.000	0.000	0.000	0.000	0.053	0.000	0.105	0.000	0.000	0.000
203	201	0.000	0.000	0.105	0.737	0.000	0.000	0.000	0.053	0.000	0.000	0.000	0.000	0.000	0.000	0.053	0.000	0.000	0.000	0.000	0.000
205	203	0.105	0.105	0.000	0.000	0.000	0.053	0.000	0.000	0.000	0.000	0.000	0.000	0.000	0.000	0.000	0.579	0.000	0.000	0.000	0.105
207	205	0.053	0.000	0.000	0.053	0.000	0.000	0.053	0.000	0.053	0.000	0.105	0.000	0.000	0.579	0.000	0.000	0.000	0.000	0.000	0.053
210	208	0.000	0.105	0.000	0.000	0.000	0.000	0.053	0.000	0.000	0.053	0.053	0.000	0.053	0.053	0.000	0.421	0.105	0.000	0.000	0.000
211	209	0.105	0.105	0.000	0.053	0.000	0.105	0.105	0.211	0.000	0.000	0.053	0.053	0.053	0.000	0.000	0.000	0.000	0.000	0.000	0.053
212	210	0.000	0.000	0.053	0.000	0.000	0.000	0.000	0.000	0.000	0.105	0.000	0.053	0.000	0.000	0.526	0.000	0.053	0.000	0.000	0.053
213	211	0.000	0.000	0.105	0.158	0.000	0.000	0.263	0.000	0.000	0.000	0.053	0.000	0.105	0.000	0.000	0.000	0.000	0.000	0.000	0.105
214	212	0.053	0.053	0.526	0.000	0.000	0.105	0.000	0.000	0.000	0.000	0.000	0.000	0.000	0.000	0.000	0.000	0.053	0.000	0.000	0.000
215	213	0.000	0.000	0.000	0.105	0.000	0.053	0.105	0.000	0.000	0.000	0.000	0.000	0.000	0.000	0.421	0.000	0.105	0.000	0.000	0.000
216	214	0.105	0.000	0.105	0.105	0.000	0.000	0.000	0.000	0.000	0.000	0.000	0.053	0.000	0.000	0.000	0.421	0.000	0.000	0.000	0.000
217	215	0.000	0.053	0.053	0.000	0.000	0.000	0.053	0.000	0.000	0.000	0.000	0.000	0.000	0.000	0.526	0.105	0.000	0.000	0.000	0.000
218	216	0.000	0.000	0.000	0.263	0.000	0.000	0.105	0.000	0.053	0.000	0.000	0.000	0.000	0.000	0.000	0.263	0.105	0.000	0.000	0.000
221	219	0.000	0.000	0.368	0.263	0.000	0.000	0.000	0.000	0.000	0.000	0.000	0.105	0.000	0.000	0.000	0.000	0.000	0.000	0.000	0.000
222	220	0.000	0.000	0.000	0.000	0.000	0.000	0.000	0.000	0.000	0.000	0.053	0.053	0.105	0.000	0.579	0.000	0.000	0.053	0.000	0.000
226	224	0.000	0.000	0.053	0.000	0.000	0.053	0.000	0.000	0.000	0.053	0.053	0.000	0.000	0.000	0.632	0.053	0.000	0.000	0.000	0.053
227	225	0.421	0.000	0.000	0.000	0.000	0.000	0.000	0.158	0.000	0.000	0.000	0.000	0.000	0.211	0.000	0.053	0.000	0.000	0.000	0.000
229	227	0.053	0.053	0.000	0.000	0.526	0.000	0.053	0.000	0.000	0.000	0.105	0.000	0.000	0.053	0.053	0.053	0.000	0.000	0.000	0.000
231	229	0.000	0.000	0.105	0.316	0.000	0.000	0.368	0.000	0.000	0.000	0.000	0.000	0.053	0.000	0.105	0.000	0.000	0.000	0.000	0.000
238	236	0.158	0.158	0.000	0.000	0.000	0.053	0.000	0.000	0.000	0.000	0.053	0.474	0.000	0.000	0.000	0.000	0.105	0.000	0.000	0.000
244	242	0.053	0.000	0.000	0.053	0.000	0.000	0.632	0.000	0.000	0.000	0.000	0.000	0.000	0.053	0.053	0.000	0.053	0.000	0.000	0.105
262	260	0.053	0.000	0.000	0.000	0.000	0.000	0.000	0.000	0.000	0.263	0.000	0.000	0.000	0.000	0.000	0.158	0.368	0.000	0.105	0.000
264	262	0.000	0.053	0.316	0.211	0.000	0.000	0.211	0.000	0.000	0.000	0.000	0.053	0.000	0.000	0.105	0.053	0.000	0.000	0.000	0.000
266	264	0.105	0.053	0.000	0.000	0.000	0.053	0.053	0.000	0.158	0.000	0.000	0.000	0.000	0.000	0.000	0.316	0.000	0.000	0.105	0.158
268	266	0.000	0.000	0.053	0.474	0.000	0.053	0.105	0.000	0.053	0.053	0.000	0.000	0.000	0.000	0.053	0.053	0.000	0.000	0.000	0.105
269	267	0.000	0.053	0.421	0.211	0.000	0.000	0.000	0.158	0.105	0.000	0.000	0.000	0.000	0.000	0.000	0.053	0.000	0.000	0.000	0.000
270	268	0.000	0.000	0.105	0.211	0.000	0.000	0.211	0.263	0.053	0.000	0.053	0.000	0.000	0.000	0.000	0.000	0.000	0.000	0.053	0.053
272	270	0.053	0.053	0.000	0.105	0.000	0.000	0.211	0.000	0.000	0.053	0.000	0.053	0.000	0.000	0.105	0.000	0.316	0.000	0.000	0.053
285	283	0.000	0.526	0.000	0.053	0.000	0.000	0.158	0.000	0.158	0.000	0.000	0.000	0.000	0.000	0.053	0.053	0.000	0.000	0.000	0.000
288	286	0.105	0.053	0.053	0.053	0.000	0.000	0.105	0.000	0.105	0.000	0.000	0.474	0.000	0.000	0.000	0.053	0.000	0.000	0.000	0.000
290	288	0.000	0.000	0.368	0.158	0.000	0.158	0.000	0.000	0.000	0.000	0.000	0.000	0.000	0.000	0.158	0.158	0.000	0.000	0.000	0.000
291	289	0.000	0.000	0.000	0.000	0.000	0.000	0.316	0.053	0.000	0.053	0.000	0.000	0.000	0.000	0.000	0.474	0.105	0.000	0.000	0.000
293	291	0.053	0.053	0.000	0.000	0.000	0.000	0.000	0.000	0.000	0.053	0.105	0.000	0.000	0.000	0.053	0.474	0.105	0.000	0.000	0.105
305	303	0.000	0.053	0.000	0.789	0.000	0.053	0.105	0.000	0.000	0.000	0.000	0.000	0.000	0.000	0.000	0.000	0.000	0.000	0.000	0.000
307	305	0.105	0.158	0.053	0.000	0.000	0.000	0.000	0.000	0.000	0.053	0.000	0.000	0.000	0.000	0.053	0.316	0.263	0.000	0.000	0.000
308	306	0.474	0.105	0.000	0.105	0.000	0.000	0.000	0.105	0.000	0.053	0.000	0.053	0.000	0.000	0.000	0.000	0.105	0.000	0.000	0.000
309	307	0.105	0.000	0.053	0.053	0.000	0.053	0.053	0.000	0.105	0.000	0.105	0.000	0.000	0.105	0.000	0.000	0.053	0.000	0.316	0.000
310	308	0.211	0.000	0.000	0.105	0.053	0.000	0.421	0.053	0.000	0.000	0.000	0.105	0.000	0.000	0.053	0.000	0.000	0.000	0.000	0.000
311	309	0.053	0.053	0.105	0.000	0.000	0.000	0.000	0.632	0.053	0.000	0.000	0.000	0.000	0.000	0.105	0.000	0.000	0.000	0.000	0.000
312	310	0.000	0.105	0.000	0.000	0.000	0.158	0.211	0.000	0.000	0.053	0.000	0.263	0.000	0.158	0.000	0.000	0.053	0.000	0.000	0.000
313	311	0.000	0.105	0.053	0.053	0.000	0.000	0.000	0.053	0.053	0.000	0.053	0.000	0.000	0.000	0.000	0.316	0.263	0.000	0.053	0.000
315	313	0.000	0.105	0.000	0.000	0.000	0.053	0.000	0.000	0.053	0.368	0.053	0.000	0.000	0.053	0.000	0.000	0.158	0.000	0.000	0.158
317	315	0.316	0.000	0.000	0.053	0.000	0.053	0.000	0.000	0.000	0.000	0.105	0.211	0.053	0.000	0.053	0.000	0.053	0.000	0.000	0.105
319	317	0.053	0.158	0.000	0.000	0.000	0.053	0.000	0.105	0.000	0.000	0.000	0.158	0.053	0.000	0.000	0.316	0.000	0.000	0.053	0.053
321	319	0.053	0.158	0.000	0.000	0.000	0.053	0.000	0.632	0.000	0.000	0.000	0.000	0.000	0.000	0.000	0.053	0.000	0.000	0.000	0.000
323	321	0.053	0.000	0.000	0.000	0.000	0.105	0.000	0.474	0.000	0.053	0.053	0.000	0.000	0.000	0.105	0.053	0.000	0.000	0.000	0.000
324	322	0.000	0.000	0.000	0.000	0.000	0.105	0.000	0.789	0.000	0.000	0.000	0.000	0.000	0.000	0.000	0.000	0.000	0.000	0.000	0.000
325	323	0.053	0.000	0.000	0.526	0.000	0.000	0.000	0.053	0.000	0.000	0.000	0.000	0.000	0.105	0.053	0.000	0.000	0.000	0.000	0.105
326	324	0.158	0.000	0.000	0.053	0.000	0.000	0.053	0.000	0.000	0.000	0.000	0.000	0.053	0.000	0.105	0.105	0.000	0.000	0.000	0.368
327	325	0.000	0.053	0.421	0.316	0.000	0.000	0.000	0.053	0.000	0.000	0.000	0.053	0.000	0.000	0.000	0.000	0.000	0.000	0.000	0.000
328	326	0.000	0.000	0.000	0.000	0.000	0.000	0.000	0.000	0.000	0.000	0.000	0.053	0.000	0.000	0.842	0.000	0.000	0.000	0.000	0.000
329	327	0.158	0.053	0.000	0.158	0.000	0.000	0.474	0.000	0.053	0.000	0.000	0.000	0.000	0.000	0.000	0.000	0.000	0.000	0.000	0.000
338	336	0.000	0.579	0.000	0.000	0.000	0.000	0.000	0.000	0.000	0.000	0.000	0.158	0.053	0.000	0.000	0.000	0.053	0.000	0.000	0.053
340	338	0.000	0.053	0.000	0.000	0.000	0.000	0.053	0.053	0.000	0.000	0.000	0.000	0.000	0.000	0.053	0.211	0.474	0.000	0.000	0.000
341	339	0.000	0.053	0.000	0.053	0.000	0.053	0.158	0.105	0.053	0.000	0.000	0.474	0.000	0.000	0.000	0.000	0.000	0.000	0.000	0.000
342	340	0.000	0.053	0.000	0.000	0.000	0.000	0.053	0.053	0.000	0.000	0.000	0.053	0.000	0.000	0.632	0.000	0.000	0.000	0.000	0.000
343	341	0.000	0.000	0.000	0.000	0.053	0.000	0.000	0.000	0.053	0.105	0.632	0.000	0.000	0.000	0.000	0.105	0.000	0.000	0.000	0.000
344	342	0.263	0.000	0.000	0.000	0.053	0.000	0.000	0.105	0.000	0.000	0.000	0.316	0.000	0.000	0.053	0.000	0.053	0.000	0.000	0.000
345	343	0.000	0.000	0.000	0.000	0.000	0.368	0.053	0.263	0.000	0.053	0.000	0.000	0.000	0.000	0.053	0.000	0.053	0.000	0.000	0.000
346	344	0.053	0.105	0.000	0.053	0.000	0.000	0.105	0.000	0.053	0.000	0.000	0.368	0.000	0.000	0.000	0.053	0.053	0.000	0.000	0.000
347	345	0.158	0.000	0.053	0.632	0.000	0.053	0.000	0.000	0.000	0.000	0.000	0.000	0.000	0.000	0.000	0.000	0.000	0.000	0.000	0.000
348	346	0.105	0.053	0.000	0.000	0.000	0.000	0.263	0.000	0.000	0.000	0.000	0.000	0.053	0.000	0.105	0.053	0.316	0.000	0.000	0.000
350	348	0.211	0.368	0.000	0.000	0.000	0.000	0.105	0.000	0.000	0.000	0.000	0.000	0.000	0.000	0.053	0.158	0.053	0.000	0.000	0.053
351	349	0.000	0.053	0.000	0.053	0.000	0.053	0.000	0.000	0.000	0.000	0.474	0.316	0.053	0.000	0.000	0.000	0.000	0.000	0.000	0.000
352	350	0.000	0.105	0.000	0.000	0.000	0.000	0.000	0.000	0.000	0.000	0.000	0.053	0.000	0.000	0.842	0.000	0.000	0.000	0.000	0.000
353	351	0.000	0.105	0.000	0.105	0.000	0.000	0.105	0.000	0.000	0.000	0.000	0.368	0.000	0.000	0.105	0.053	0.053	0.000	0.000	0.000
354	352	0.053	0.000	0.000	0.000	0.000	0.000	0.000	0.000	0.000	0.211	0.000	0.000	0.000	0.000	0.000	0.105	0.105	0.000	0.316	0.105
356	354	0.316	0.105	0.000	0.000	0.000	0.000	0.000	0.000	0.000	0.000	0.000	0.105	0.000	0.000	0.000	0.421	0.000	0.000	0.000	0.000
357	355	0.053	0.053	0.000	0.000	0.000	0.000	0.053	0.000	0.000	0.000	0.000	0.105	0.000	0.000	0.211	0.474	0.000	0.000	0.000	0.000
358	356	0.053	0.105	0.000	0.000	0.000	0.000	0.000	0.000	0.000	0.053	0.158	0.000	0.053	0.158	0.000	0.000	0.053	0.000	0.316	0.000
360	358	0.211	0.105	0.000	0.053	0.000	0.000	0.000	0.000	0.000	0.000	0.000	0.053	0.000	0.105	0.105	0.263	0.053	0.000	0.000	0.000
361	359	0.000	0.000	0.000	0.000	0.000	0.000	0.000	0.000	0.105	0.000	0.368	0.000	0.053	0.000	0.000	0.053	0.000	0.000	0.105	0.263
362	360	0.000	0.211	0.000	0.000	0.000	0.263	0.000	0.000	0.000	0.000	0.000	0.000	0.000	0.000	0.263	0.000	0.158	0.000	0.053	0.000
363	361	0.105	0.105	0.105	0.053	0.000	0.000	0.000	0.000	0.263	0.000	0.000	0.000	0.000	0.000	0.158	0.105	0.053	0.000	0.000	0.000
364	362	0.000	0.000	0.053	0.105	0.000	0.000	0.316	0.000	0.105	0.000	0.053	0.053	0.000	0.000	0.105	0.158	0.000	0.000	0.000	0.000
365	363	0.000	0.421	0.000	0.000	0.000	0.000	0.158	0.000	0.000	0.105	0.000	0.105	0.000	0.000	0.000	0.053	0.053	0.000	0.000	0.053
366	364	0.158	0.053	0.000	0.053	0.000	0.000	0.105	0.053	0.000	0.421	0.000	0.000	0.000	0.000	0.000	0.000	0.000	0.000	0.000	0.105
367	365	0.053	0.000	0.158	0.105	0.000	0.211	0.000	0.000	0.211	0.000	0.053	0.000	0.000	0.000	0.000	0.000	0.158	0.000	0.000	0.000
368	366	0.053	0.053	0.421	0.000	0.000	0.053	0.000	0.105	0.000	0.000	0.000	0.053	0.000	0.000	0.000	0.053	0.105	0.000	0.000	0.000
369	367	0.000	0.000	0.000	0.000	0.000	0.000	0.105	0.000	0.105	0.316	0.158	0.000	0.000	0.000	0.053	0.000	0.000	0.000	0.000	0.105
371	369	0.000	0.053	0.105	0.000	0.000	0.000	0.105	0.000	0.000	0.000	0.105	0.053	0.000	0.000	0.000	0.053	0.421	0.000	0.053	0.000
373	371	0.000	0.000	0.000	0.053	0.000	0.053	0.000	0.000	0.000	0.000	0.000	0.316	0.000	0.000	0.053	0.105	0.211	0.000	0.000	0.158
376	374	0.211	0.000	0.105	0.000	0.000	0.000	0.000	0.474	0.000	0.000	0.000	0.000	0.053	0.000	0.105	0.000	0.000	0.000	0.000	0.000
377	375	0.053	0.000	0.000	0.000	0.000	0.000	0.000	0.000	0.000	0.000	0.053	0.000	0.158	0.000	0.000	0.053	0.684	0.000	0.000	0.000
378	376	0.053	0.000	0.000	0.000	0.000	0.526	0.105	0.000	0.000	0.000	0.105	0.105	0.000	0.000	0.000	0.000	0.000	0.000	0.000	0.105
380	378	0.000	0.053	0.000	0.000	0.000	0.105	0.211	0.105	0.000	0.000	0.000	0.158	0.316	0.000	0.000	0.000	0.000	0.000	0.053	0.000
381	379	0.000	0.000	0.053	0.000	0.000	0.053	0.000	0.158	0.000	0.000	0.000	0.000	0.211	0.000	0.000	0.000	0.000	0.000	0.526	0.000
382	380	0.105	0.000	0.000	0.000	0.000	0.000	0.000	0.842	0.000	0.000	0.000	0.000	0.000	0.000	0.000	0.053	0.000	0.000	0.000	0.000
384	382	0.053	0.105	0.000	0.053	0.000	0.053	0.053	0.000	0.000	0.053	0.000	0.000	0.000	0.000	0.632	0.000	0.000	0.000	0.000	0.000
389	387	0.000	0.000	0.684	0.158	0.000	0.000	0.000	0.000	0.000	0.000	0.000	0.000	0.000	0.000	0.000	0.000	0.105	0.000	0.000	0.000
390	388	0.053	0.000	0.526	0.000	0.000	0.000	0.000	0.316	0.000	0.000	0.000	0.000	0.000	0.000	0.000	0.053	0.000	0.000	0.000	0.000
391	389	0.000	0.105	0.000	0.000	0.000	0.263	0.000	0.000	0.053	0.053	0.053	0.316	0.000	0.000	0.000	0.000	0.105	0.000	0.000	0.000
392	390	0.053	0.316	0.000	0.000	0.000	0.000	0.000	0.000	0.000	0.000	0.000	0.105	0.000	0.105	0.105	0.053	0.105	0.000	0.000	0.105
394	392	0.000	0.000	0.211	0.000	0.000	0.000	0.000	0.105	0.526	0.000	0.000	0.000	0.053	0.000	0.000	0.053	0.053	0.000	0.000	0.000
395	393	0.053	0.053	0.053	0.632	0.000	0.053	0.105	0.053	0.000	0.000	0.000	0.000	0.000	0.000	0.000	0.000	0.000	0.000	0.000	0.000
396	394	0.000	0.053	0.053	0.000	0.000	0.000	0.105	0.105	0.000	0.000	0.000	0.053	0.000	0.000	0.579	0.000	0.053	0.000	0.000	0.000
397	395	0.000	0.000	0.000	0.053	0.000	0.000	0.000	0.000	0.000	0.053	0.105	0.000	0.000	0.000	0.211	0.000	0.000	0.000	0.000	0.579
398	396	0.053	0.000	0.000	0.105	0.000	0.000	0.053	0.105	0.000	0.000	0.105	0.000	0.053	0.000	0.000	0.000	0.526	0.000	0.000	0.000
400	398	0.263	0.000	0.105	0.053	0.000	0.000	0.000	0.053	0.000	0.000	0.000	0.053	0.000	0.000	0.000	0.053	0.316	0.000	0.000	0.053
402	400	0.263	0.158	0.053	0.000	0.000	0.105	0.053	0.000	0.000	0.000	0.000	0.263	0.053	0.000	0.000	0.000	0.053	0.000	0.000	0.000
403	401	0.158	0.053	0.000	0.000	0.000	0.000	0.105	0.000	0.000	0.000	0.368	0.053	0.000	0.053	0.000	0.000	0.000	0.000	0.053	0.158
404	402	0.000	0.000	0.000	0.000	0.000	0.053	0.000	0.895	0.000	0.000	0.000	0.000	0.000	0.000	0.000	0.053	0.000	0.000	0.000	0.000
415	413	0.105	0.000	0.000	0.000	0.000	0.000	0.000	0.316	0.000	0.000	0.000	0.000	0.000	0.000	0.000	0.053	0.526	0.000	0.000	0.000
416	414	0.000	0.579	0.000	0.158	0.000	0.000	0.000	0.053	0.000	0.000	0.053	0.000	0.053	0.000	0.105	0.000	0.000	0.000	0.000	0.000
417	415	0.158	0.000	0.000	0.000	0.000	0.000	0.000	0.474	0.000	0.053	0.000	0.000	0.158	0.053	0.000	0.000	0.000	0.000	0.053	0.053
418	416	0.053	0.053	0.000	0.053	0.000	0.053	0.000	0.000	0.000	0.105	0.000	0.000	0.053	0.000	0.105	0.053	0.368	0.000	0.000	0.105
427	425	0.000	0.000	0.000	0.105	0.000	0.263	0.000	0.000	0.053	0.000	0.000	0.000	0.000	0.000	0.105	0.316	0.053	0.053	0.000	0.000
431	429	0.000	0.000	0.000	0.000	0.000	0.000	0.053	0.000	0.000	0.211	0.579	0.000	0.000	0.000	0.000	0.000	0.000	0.000	0.053	0.053
434	432	0.000	0.526	0.053	0.158	0.000	0.053	0.000	0.158	0.000	0.000	0.000	0.000	0.000	0.000	0.000	0.000	0.000	0.000	0.000	0.000
435	433	0.053	0.000	0.000	0.000	0.000	0.000	0.000	0.000	0.000	0.000	0.000	0.000	0.000	0.000	0.632	0.000	0.053	0.000	0.000	0.000
437	435	0.000	0.000	0.000	0.632	0.000	0.000	0.000	0.000	0.000	0.000	0.000	0.000	0.000	0.000	0.000	0.000	0.000	0.000	0.000	0.000
438	436	0.000	0.000	0.000	0.000	0.000	0.000	0.000	0.000	0.000	0.316	0.053	0.000	0.000	0.000	0.000	0.000	0.158	0.000	0.000	0.105
439	437	0.263	0.000	0.000	0.053	0.000	0.000	0.211	0.000	0.000	0.000	0.000	0.000	0.000	0.000	0.000	0.105	0.000	0.000	0.000	0.000
440	438	0.000	0.421	0.000	0.000	0.000	0.000	0.000	0.105	0.000	0.053	0.000	0.000	0.000	0.000	0.000	0.000	0.000	0.000	0.000	0.053
442	440	0.000	0.000	0.053	0.105	0.000	0.368	0.053	0.000	0.000	0.000	0.000	0.053	0.000	0.000	0.000	0.000	0.000	0.000	0.000	0.000
443	441	0.000	0.000	0.000	0.000	0.000	0.000	0.368	0.000	0.000	0.000	0.000	0.053	0.000	0.000	0.053	0.105	0.000	0.000	0.000	0.053
444	442	0.053	0.105	0.105	0.000	0.000	0.000	0.000	0.000	0.000	0.000	0.000	0.000	0.000	0.053	0.000	0.158	0.158	0.000	0.000	0.000
445	443	0.053	0.000	0.000	0.000	0.000	0.000	0.000	0.526	0.000	0.053	0.000	0.000	0.000	0.000	0.000	0.000	0.000	0.000	0.000	0.000
446	444	0.000	0.000	0.000	0.053	0.000	0.000	0.474	0.105	0.000	0.000	0.000	0.000	0.000	0.000	0.000	0.000	0.000	0.000	0.000	0.000
447	445	0.000	0.000	0.000	0.000	0.000	0.000	0.000	0.105	0.000	0.158	0.368	0.000	0.000	0.000	0.000	0.000	0.000	0.000	0.000	0.000
448	446	0.053	0.000	0.000	0.000	0.000	0.000	0.000	0.053	0.000	0.000	0.000	0.000	0.000	0.053	0.000	0.158	0.105	0.000	0.000	0.211
449	447	0.000	0.105	0.000	0.000	0.000	0.000	0.000	0.000	0.000	0.000	0.000	0.000	0.000	0.158	0.000	0.000	0.000	0.000	0.368	0.000
450	448	0.053	0.000	0.000	0.000	0.000	0.000	0.000	0.000	0.000	0.000	0.000	0.000	0.000	0.000	0.000	0.053	0.526	0.000	0.000	0.000
451	449	0.053	0.000	0.000	0.000	0.000	0.000	0.000	0.947	0.000	0.000	0.000	0.000	0.000	0.000	0.000	0.000	0.000	0.000	0.000	0.000
452	450	0.000	0.053	0.053	0.000	0.000	0.000	0.105	0.000	0.000	0.000	0.000	0.053	0.000	0.000	0.526	0.000	0.158	0.053	0.000	0.000
453	451	0.421	0.000	0.105	0.000	0.000	0.000	0.000	0.000	0.000	0.000	0.000	0.000	0.000	0.000	0.105	0.000	0.053	0.000	0.000	0.000
454	452	0.053	0.000	0.000	0.000	0.000	0.053	0.105	0.000	0.000	0.053	0.000	0.000	0.000	0.053	0.000	0.000	0.000	0.000	0.053	0.421
455	453	0.105	0.000	0.000	0.000	0.000	0.000	0.053	0.000	0.000	0.000	0.000	0.000	0.000	0.000	0.684	0.000	0.000	0.000	0.000	0.000
457	455	0.211	0.000	0.000	0.053	0.000	0.000	0.000	0.000	0.000	0.000	0.000	0.000	0.000	0.000	0.526	0.000	0.000	0.000	0.000	0.000
458	456	0.053	0.000	0.000	0.000	0.000	0.053	0.000	0.000	0.000	0.000	0.105	0.000	0.000	0.000	0.579	0.000	0.000	0.000	0.000	0.000
461	459	0.053	0.105	0.000	0.000	0.000	0.211	0.000	0.105	0.000	0.000	0.105	0.421	0.000	0.000	0.000	0.000	0.000	0.000	0.000	0.000
470	468	0.000	0.000	0.000	0.105	0.000	0.000	0.105	0.000	0.421	0.000	0.053	0.053	0.000	0.000	0.263	0.000	0.000	0.000	0.000	0.000
471	469	0.474	0.000	0.000	0.053	0.000	0.000	0.000	0.053	0.000	0.053	0.000	0.000	0.000	0.000	0.263	0.053	0.000	0.000	0.000	0.000
473	471	0.000	0.000	0.053	0.053	0.000	0.158	0.579	0.000	0.000	0.000	0.000	0.000	0.000	0.000	0.000	0.105	0.053	0.000	0.000	0.000
476	474	0.000	0.737	0.000	0.053	0.000	0.000	0.053	0.000	0.000	0.000	0.000	0.053	0.000	0.000	0.000	0.105	0.000	0.000	0.000	0.000
480	478	0.053	0.211	0.000	0.000	0.000	0.000	0.000	0.000	0.000	0.000	0.000	0.105	0.000	0.000	0.053	0.000	0.526	0.000	0.000	0.053
483	481	0.053	0.000	0.053	0.000	0.000	0.000	0.105	0.158	0.053	0.000	0.000	0.000	0.000	0.000	0.579	0.000	0.000	0.000	0.000	0.000
484	482	0.105	0.000	0.000	0.000	0.000	0.000	0.000	0.000	0.000	0.000	0.000	0.053	0.000	0.000	0.000	0.000	0.000	0.000	0.632	0.000
485	483	0.000	0.000	0.000	0.000	0.000	0.000	0.053	0.000	0.000	0.000	0.053	0.053	0.000	0.000	0.053	0.474	0.158	0.000	0.105	0.000
486	484	0.000	0.000	0.000	0.000	0.000	0.000	0.000	0.895	0.053	0.000	0.000	0.000	0.000	0.000	0.000	0.000	0.000	0.000	0.000	0.000
487	485	0.105	0.737	0.053	0.000	0.000	0.053	0.000	0.000	0.000	0.000	0.000	0.000	0.000	0.000	0.000	0.000	0.000	0.000	0.000	0.000
509	507	0.053	0.000	0.000	0.000	0.000	0.000	0.105	0.053	0.000	0.105	0.000	0.053	0.105	0.000	0.000	0.000	0.421	0.000	0.000	0.000
510	508	0.000	0.000	0.053	0.421	0.000	0.053	0.105	0.000	0.000	0.000	0.000	0.053	0.000	0.000	0.105	0.000	0.000	0.000	0.000	0.000
